model,num_rules,accuracy,latency,acc_per_latency
anthropic/claude-3.5-haiku,10,98.0,9.320456600189209,10.514506338456698
anthropic/claude-3.5-haiku,20,97.0,10.21492896080017,9.49590549011529
anthropic/claude-3.5-haiku,30,94.66666666666666,10.286769151687622,9.202759901648601
anthropic/claude-3.5-haiku,40,86.0,10.512689065933227,8.180590090758635
anthropic/claude-3.5-haiku,50,78.0,10.847444343566895,7.190633805487843
anthropic/claude-3.5-haiku,60,71.66666666666666,10.994146633148194,6.518620231113361
anthropic/claude-3.5-haiku,70,67.42857142857142,11.72158179283142,5.7525146878903985
anthropic/claude-3.5-haiku,80,50.5,11.033406066894532,4.577009102522205
anthropic/claude-3.5-haiku,90,47.333333333333336,11.211319541931152,4.221923490477924
anthropic/claude-3.5-haiku,100,43.4,11.773944473266601,3.6861053743324614
anthropic/claude-3.5-haiku,110,34.72727272727273,11.174676370620727,3.1076759250562267
anthropic/claude-3.5-haiku,120,30.666666666666668,10.868903398513794,2.8215051272661054
anthropic/claude-3.5-haiku,130,31.69230769230769,11.334247827529907,2.7961544669360254
anthropic/claude-3.5-haiku,140,29.571428571428573,11.459426164627075,2.5805331040667268
anthropic/claude-3.5-haiku,150,29.06666666666667,11.594496726989746,2.5069364674540027
anthropic/claude-3.5-haiku,160,25.625,10.908227729797364,2.349144208825206
anthropic/claude-3.5-haiku,170,22.588235294117645,11.15271577835083,2.0253573876566415
anthropic/claude-3.5-haiku,180,22.666666666666664,11.488576745986938,1.9729743002834823
anthropic/claude-3.5-haiku,190,23.473684210526315,11.85604887008667,1.9798909795110111
anthropic/claude-3.5-haiku,200,19.8,11.047305059432983,1.7922923186676498
anthropic/claude-3.5-haiku,210,19.714285714285715,10.771990823745728,1.8301431960773336
anthropic/claude-3.5-haiku,220,17.727272727272727,12.848513984680176,1.3797138523886654
anthropic/claude-3.5-haiku,230,18.695652173913043,12.095203304290772,1.5457079722902023
anthropic/claude-3.5-haiku,240,16.916666666666668,11.941149616241455,1.416669852595925
anthropic/claude-3.5-haiku,250,16.560000000000002,11.912164640426635,1.390175547423168
anthropic/claude-3.5-haiku,260,13.76923076923077,11.076365089416504,1.2431181762315966
anthropic/claude-3.5-haiku,270,13.259259259259258,12.44900918006897,1.0650855074062848
anthropic/claude-3.5-haiku,280,14.0,10.553170967102051,1.32661548302808
anthropic/claude-3.5-haiku,290,13.586206896551724,11.29855637550354,1.202472815554388
anthropic/claude-3.5-haiku,300,12.666666666666668,10.71535029411316,1.1821047673658909
anthropic/claude-3.5-haiku,310,13.806451612903226,10.603573989868163,1.302056422305861
anthropic/claude-3.5-haiku,320,13.0,11.588118743896484,1.121838694209719
anthropic/claude-3.5-haiku,330,12.484848484848484,11.58124942779541,1.0780225883819068
anthropic/claude-3.5-haiku,340,12.117647058823529,10.836994743347168,1.1181741198372874
anthropic/claude-3.5-haiku,350,12.342857142857143,10.914294576644897,1.1308891340782734
anthropic/claude-3.5-haiku,360,11.722222222222223,11.353452825546265,1.0324808146334299
anthropic/claude-3.5-haiku,370,9.945945945945947,10.179111051559449,0.977093765415028
anthropic/claude-3.5-haiku,380,11.263157894736842,10.686999177932739,1.0539121138882275
anthropic/claude-3.5-haiku,390,10.923076923076923,10.05588755607605,1.0862369792984503
anthropic/claude-3.5-haiku,400,9.75,10.686018753051759,0.9124071579245127
anthropic/claude-3.5-haiku,410,9.951219512195122,10.562768650054931,0.9421033293333914
anthropic/claude-3.5-haiku,420,9.333333333333334,10.804390144348144,0.8638463817613685
anthropic/claude-3.5-haiku,430,9.302325581395348,9.547834539413453,0.9742864251569668
anthropic/claude-3.5-haiku,440,9.681818181818182,10.738970804214478,0.9015592237217537
anthropic/claude-3.5-haiku,450,9.733333333333334,10.4494637966156,0.9314672525575707
anthropic/claude-3.5-haiku,460,9.956521739130434,9.968403148651124,0.9988080929970917
anthropic/claude-3.5-haiku,470,9.361702127659575,10.60296983718872,0.8829320719959479
anthropic/claude-3.5-haiku,480,8.5,10.604811859130859,0.8015229419352129
anthropic/claude-3.5-haiku,490,8.979591836734695,10.879897260665894,0.8253379256804771
anthropic/claude-3.5-haiku,500,8.52,10.543596553802491,0.8080734080181878
anthropic/claude-3.7-sonnet,10,100.0,17.223677921295167,5.805960867182792
anthropic/claude-3.7-sonnet,20,99.0,17.795982122421265,5.563053464482262
anthropic/claude-3.7-sonnet,30,100.0,21.809119033813477,4.585237938541082
anthropic/claude-3.7-sonnet,40,99.5,25.164038562774657,3.954055298070917
anthropic/claude-3.7-sonnet,50,99.6,26.8676739692688,3.707057042374502
anthropic/claude-3.7-sonnet,60,98.0,29.829128789901734,3.2853792241219137
anthropic/claude-3.7-sonnet,70,97.71428571428571,33.856492328643796,2.886131403270502
anthropic/claude-3.7-sonnet,80,97.25,34.33998446464538,2.831975655088703
anthropic/claude-3.7-sonnet,90,94.22222222222221,44.74951348304749,2.1055474102062925
anthropic/claude-3.7-sonnet,100,94.8,36.07187743186951,2.628086108882267
anthropic/claude-3.7-sonnet,110,92.0,45.45884099006653,2.0238087464681174
anthropic/claude-3.7-sonnet,120,92.5,45.30804057121277,2.0415802324228394
anthropic/claude-3.7-sonnet,130,91.53846153846155,48.914841985702516,1.87138418161951
anthropic/claude-3.7-sonnet,140,90.85714285714286,45.36356701850891,2.0028659302755445
anthropic/claude-3.7-sonnet,150,86.8,48.2979154586792,1.7971790122963147
anthropic/claude-3.7-sonnet,160,86.625,51.906737899780275,1.6688584855255697
anthropic/claude-3.7-sonnet,170,85.88235294117648,57.055752420425414,1.5052356563162492
anthropic/claude-3.7-sonnet,180,82.66666666666666,55.237957859039305,1.496555446123156
anthropic/claude-3.7-sonnet,190,76.3157894736842,58.85164165496826,1.2967486943032729
anthropic/claude-3.7-sonnet,200,77.1,60.434898900985715,1.2757529408019324
anthropic/claude-3.7-sonnet,210,78.57142857142858,56.854911422729494,1.3819637847508324
anthropic/claude-3.7-sonnet,220,67.9090909090909,52.178260231018065,1.3014824681471737
anthropic/claude-3.7-sonnet,230,73.3913043478261,63.58429007530212,1.1542364357754036
anthropic/claude-3.7-sonnet,240,77.58333333333334,61.30254282951355,1.2655809979872736
anthropic/claude-3.7-sonnet,250,72.88,55.890530586242676,1.3039776011348019
anthropic/claude-3.7-sonnet,260,70.92307692307693,57.65550580024719,1.230118024960122
anthropic/claude-3.7-sonnet,270,65.33333333333333,60.76123285293579,1.0752469998668999
anthropic/claude-3.7-sonnet,280,67.21428571428571,58.626650142669675,1.1464800658184933
anthropic/claude-3.7-sonnet,290,70.6896551724138,62.41634249687195,1.132550424209116
anthropic/claude-3.7-sonnet,300,69.2,70.49002895355224,0.98169912861857
anthropic/claude-3.7-sonnet,310,64.51612903225806,77.42616925239562,0.8332599901972018
anthropic/claude-3.7-sonnet,320,66.125,76.82556662559509,0.8607160728440355
anthropic/claude-3.7-sonnet,330,66.06060606060605,68.23210277557374,0.9681748527945843
anthropic/claude-3.7-sonnet,340,59.294117647058826,62.94460072517395,0.9420048258935868
anthropic/claude-3.7-sonnet,350,59.48571428571429,64.89485912322998,0.9166475602136038
anthropic/claude-3.7-sonnet,360,58.66666666666667,61.50917358398438,0.953787268602519
anthropic/claude-3.7-sonnet,370,57.13513513513514,71.48984718322754,0.7992062843371106
anthropic/claude-3.7-sonnet,380,62.05263157894736,69.31875538825989,0.8951780976358508
anthropic/claude-3.7-sonnet,390,63.128205128205124,72.68822221755981,0.868479145620854
anthropic/claude-3.7-sonnet,400,59.25,69.77021055221557,0.8492162992063451
anthropic/claude-3.7-sonnet,410,54.53658536585366,69.67109031677246,0.7827720955405322
anthropic/claude-3.7-sonnet,420,58.857142857142854,68.82131471633912,0.8552167754965798
anthropic/claude-3.7-sonnet,430,56.093023255813954,74.78027334213257,0.7501045496207102
anthropic/claude-3.7-sonnet,440,60.63636363636364,80.45371613502502,0.7536800852629103
anthropic/claude-3.7-sonnet,450,60.133333333333326,67.5488866329193,0.8902194592801463
anthropic/claude-3.7-sonnet,460,52.26086956521739,71.00371198654175,0.7360301046672472
anthropic/claude-3.7-sonnet,470,50.255319148936174,69.06747603416443,0.7276264029697167
anthropic/claude-3.7-sonnet,480,57.16666666666667,73.5750874042511,0.7769840129794211
anthropic/claude-3.7-sonnet,490,53.59183673469388,68.9267210483551,0.7775190219348583
anthropic/claude-3.7-sonnet,500,52.67999999999999,72.10043773651122,0.7306474364624164
anthropic/claude-opus-4,10,100.0,24.93591022491455,4.01028071957388
anthropic/claude-opus-4,20,100.0,29.297822523117066,3.413222942459164
anthropic/claude-opus-4,30,100.0,35.6941780090332,2.8015773321546384
anthropic/claude-opus-4,40,99.0,40.164244651794434,2.4648789204996775
anthropic/claude-opus-4,50,100.0,43.221458721160886,2.3136655485216373
anthropic/claude-opus-4,60,98.66666666666666,44.13965578079224,2.2353293183043426
anthropic/claude-opus-4,70,99.14285714285715,51.43092498779297,1.9276895596645116
anthropic/claude-opus-4,80,97.75,63.95220675468445,1.528485176046562
anthropic/claude-opus-4,90,95.55555555555556,65.13219785690308,1.46710165938962
anthropic/claude-opus-4,100,94.6,75.44565162658691,1.2538827349283987
anthropic/claude-opus-4,110,91.45454545454545,88.98534379005432,1.0277484084380997
anthropic/claude-opus-4,120,94.16666666666667,88.80831589698792,1.0603361376190727
anthropic/claude-opus-4,130,92.61538461538461,75.38826146125794,1.2285120099629794
anthropic/claude-opus-4,140,95.57142857142857,81.78271689414979,1.1686017804363888
anthropic/claude-opus-4,150,90.66666666666667,107.67425193786622,0.8420459398128549
anthropic/claude-opus-4,160,83.125,111.81070680618286,0.7434440079525854
anthropic/claude-opus-4,170,86.58823529411765,119.17600259780883,0.7265576408560431
anthropic/claude-opus-4,180,74.11111111111111,116.76340174674988,0.6347118189640617
anthropic/claude-opus-4,190,75.6842105263158,116.07211980819702,0.6520446998933069
anthropic/claude-opus-4,200,74.7,130.25837602615357,0.5734755973389501
anthropic/claude-opus-4,210,76.19047619047619,144.4320116519928,0.5275179326177096
anthropic/claude-opus-4,220,67.72727272727272,136.74942874908447,0.4952654892002695
anthropic/claude-opus-4,230,64.52173913043478,122.0328987121582,0.5287241376001703
anthropic/claude-opus-4,240,60.58333333333333,127.58733944892883,0.47483812731735714
anthropic/claude-opus-4,250,67.92,132.63082747459413,0.5120981395747554
anthropic/claude-opus-4,260,68.07692307692308,139.95930066108704,0.48640513888942677
anthropic/claude-opus-4,270,61.18518518518518,115.81897706985474,0.5282829008952662
anthropic/claude-opus-4,280,58.57142857142857,155.36465315818788,0.376993269581034
anthropic/claude-opus-4,290,53.58620689655172,105.90815238952636,0.5059686689600965
anthropic/claude-opus-4,300,56.06666666666668,135.12457795143126,0.41492574864373744
anthropic/claude-opus-4,310,61.03225806451612,163.0282509803772,0.37436614634271104
anthropic/claude-opus-4,320,50.875,134.88321142196656,0.3771781488864721
anthropic/claude-opus-4,330,58.54545454545455,188.33453183174134,0.31085884238031947
anthropic/claude-opus-4,340,49.82352941176471,126.54140548706054,0.39373301742613726
anthropic/claude-opus-4,350,53.94285714285714,152.84052386283875,0.35293556826111266
anthropic/claude-opus-4,360,48.22222222222222,107.64238996505738,0.44798542876905656
anthropic/claude-opus-4,370,46.972972972972975,104.95502805709839,0.44755333634343275
anthropic/claude-opus-4,380,47.89473684210526,144.76434249877929,0.3308462292260204
anthropic/claude-opus-4,390,52.15384615384615,150.1125768661499,0.34743155598714354
anthropic/claude-opus-4,400,46.75,129.58337903022766,0.36077157695582796
anthropic/claude-opus-4,410,46.048780487804876,196.00378322601318,0.23493822277249485
anthropic/claude-opus-4,420,49.142857142857146,122.9430836200714,0.399720388458145
anthropic/claude-opus-4,430,53.20930232558139,151.71883540153505,0.35070993120108696
anthropic/claude-opus-4,440,40.81818181818182,124.62925219535828,0.3275168638113843
anthropic/claude-opus-4,450,44.84444444444445,151.9720363140106,0.29508352676004873
anthropic/claude-opus-4,460,43.47826086956521,139.20692739486694,0.3123282848290811
anthropic/claude-opus-4,470,34.68085106382979,103.67637643814086,0.33451064027611277
anthropic/claude-opus-4,480,44.166666666666664,158.07325162887574,0.27940632720304337
anthropic/claude-opus-4,490,53.55102040816327,179.63426666259767,0.298111387114947
anthropic/claude-opus-4,500,44.64,146.95138964653015,0.30377392216143667
anthropic/claude-opus-4-high-reasoning,10,92.0,31.913983011245726,2.8827489181648493
anthropic/claude-opus-4-high-reasoning,20,100.0,40.2120557308197,2.486816408228467
anthropic/claude-opus-4-high-reasoning,30,100.0,37.20428018569946,2.687862780864603
anthropic/claude-opus-4-high-reasoning,40,91.5,43.36033821105957,2.110223392507161
anthropic/claude-opus-4-high-reasoning,50,99.6,47.81225509643555,2.083147925131548
anthropic/claude-opus-4-high-reasoning,60,99.0,50.231745433807376,1.9708652196937242
anthropic/claude-opus-4-high-reasoning,70,98.85714285714286,56.27847661972046,1.7565710515785795
anthropic/claude-opus-4-high-reasoning,80,73.25,53.66367645263672,1.364982886788423
anthropic/claude-opus-4-high-reasoning,90,86.44444444444444,64.24176416397094,1.3456113101720446
anthropic/claude-opus-4-high-reasoning,100,81.8,68.8747064113617,1.1876638647494273
anthropic/claude-opus-4-high-reasoning,110,94.18181818181819,72.43168601989746,1.3002847697890925
anthropic/claude-opus-4-high-reasoning,120,97.16666666666667,79.91237406730652,1.2159151545770328
anthropic/claude-opus-4-high-reasoning,130,95.23076923076923,89.07072801589966,1.069158985809232
anthropic/claude-opus-4-high-reasoning,140,94.28571428571429,112.320920419693,0.8394314606166936
anthropic/claude-opus-4-high-reasoning,150,87.2,108.08859343528748,0.8067456262367457
anthropic/claude-opus-4-high-reasoning,160,86.5,102.52482409477234,0.8436981069096081
anthropic/claude-opus-4-high-reasoning,170,82.47058823529412,127.15382981300354,0.6485891015361314
anthropic/claude-opus-4-high-reasoning,180,85.33333333333334,124.35606179237365,0.6862016382909173
anthropic/claude-opus-4-high-reasoning,190,85.89473684210526,114.45225458145141,0.7504853194567449
anthropic/claude-opus-4-high-reasoning,200,74.9,152.42145924568177,0.4914006227907307
anthropic/claude-opus-4-high-reasoning,210,79.04761904761905,168.15397658348084,0.47009069100649836
anthropic/claude-opus-4-high-reasoning,220,69.18181818181819,143.44481658935547,0.48228872835375725
anthropic/claude-opus-4-high-reasoning,230,74.52173913043478,166.94450297355652,0.4463863008549541
anthropic/claude-opus-4-high-reasoning,240,80.33333333333334,172.87808747291564,0.46468198779627845
anthropic/claude-opus-4-high-reasoning,250,81.52000000000001,142.79412260055543,0.5708918442535598
anthropic/claude-opus-4-high-reasoning,260,70.38461538461539,167.6783061504364,0.41975981867009216
anthropic/claude-opus-4-high-reasoning,270,61.25925925925926,124.8028139591217,0.49084838166649275
anthropic/claude-opus-4-high-reasoning,280,66.78571428571429,173.2856773853302,0.3854081612134908
anthropic/claude-opus-4-high-reasoning,290,79.24137931034483,216.24403166770935,0.3664442375552395
anthropic/claude-opus-4-high-reasoning,300,64.53333333333333,177.37272000312805,0.3638289661014121
anthropic/claude-opus-4-high-reasoning,310,67.29032258064515,162.52351989746094,0.41403436636801766
anthropic/claude-opus-4-high-reasoning,320,67.625,191.64152598381042,0.3528723727951992
anthropic/claude-opus-4-high-reasoning,330,61.27272727272727,165.863108587265,0.3694174539149558
anthropic/claude-opus-4-high-reasoning,340,65.94117647058823,199.09933819770814,0.3311973664377921
anthropic/claude-opus-4-high-reasoning,350,59.885714285714286,180.97662377357483,0.33090303618791705
anthropic/claude-opus-4-high-reasoning,360,56.44444444444444,169.80124173164367,0.3324147919580592
anthropic/claude-opus-4-high-reasoning,370,56.43243243243243,176.74967246055604,0.31927885153521884
anthropic/claude-opus-4-high-reasoning,380,50.05263157894737,166.16467542648314,0.30122305749089456
anthropic/claude-opus-4-high-reasoning,390,57.128205128205124,229.40925107002258,0.24902310984297615
anthropic/claude-opus-4-high-reasoning,400,53.05,176.28706741333008,0.30092961882233105
anthropic/claude-opus-4-high-reasoning,410,55.1219512195122,175.75697951316835,0.3136259588222058
anthropic/claude-opus-4-high-reasoning,420,55.904761904761905,188.13520822525024,0.2971520452345546
anthropic/claude-opus-4-high-reasoning,430,58.88372093023256,211.68201327323914,0.2781706391568822
anthropic/claude-opus-4-high-reasoning,440,54.63636363636364,174.1147617816925,0.3137951261413864
anthropic/claude-opus-4-high-reasoning,450,50.13333333333333,176.8557339668274,0.2834702172717611
anthropic/claude-opus-4-high-reasoning,460,59.78260869565217,240.1948757171631,0.24889210694922587
anthropic/claude-opus-4-high-reasoning,470,54.723404255319146,230.10488638877868,0.23781939233945704
anthropic/claude-opus-4-high-reasoning,480,55.75,190.64695386886598,0.2924253383998305
anthropic/claude-opus-4-high-reasoning,490,60.530612244897966,212.8780957698822,0.2843440140047597
anthropic/claude-opus-4-high-reasoning,500,52.08,175.6519365310669,0.29649545019840307
anthropic/claude-sonnet-4,10,100.0,12.776683139801026,7.826757453856472
anthropic/claude-sonnet-4,20,100.0,13.650949954986572,7.325497517004
anthropic/claude-sonnet-4,30,100.0,15.178761196136474,6.588152926831309
anthropic/claude-sonnet-4,40,99.0,16.90027537345886,5.857892715492384
anthropic/claude-sonnet-4,50,98.0,18.47577772140503,5.304242207160922
anthropic/claude-sonnet-4,60,98.33333333333333,23.04233980178833,4.267506432905812
anthropic/claude-sonnet-4,70,98.0,23.092911529541016,4.243726473148958
anthropic/claude-sonnet-4,80,97.25,24.67079563140869,3.9419077298094853
anthropic/claude-sonnet-4,90,94.66666666666666,26.692518711090088,3.546561779774457
anthropic/claude-sonnet-4,100,94.4,31.08801679611206,3.0365397902064273
anthropic/claude-sonnet-4,110,93.27272727272728,27.220931386947633,3.4265075631266355
anthropic/claude-sonnet-4,120,90.0,31.118052434921264,2.892211849961417
anthropic/claude-sonnet-4,130,90.92307692307693,33.19522142410278,2.73904113370542
anthropic/claude-sonnet-4,140,90.71428571428571,38.37581310272217,2.363840095621347
anthropic/claude-sonnet-4,150,90.0,45.074270486831665,1.9967045285024252
anthropic/claude-sonnet-4,160,92.125,41.640782070159915,2.212374394044281
anthropic/claude-sonnet-4,170,88.82352941176471,51.39251861572266,1.7283357929181287
anthropic/claude-sonnet-4,180,90.22222222222221,69.70876760482788,1.294273666315306
anthropic/claude-sonnet-4,190,78.84210526315789,48.09482641220093,1.6393053295885656
anthropic/claude-sonnet-4,200,84.5,66.08823914527893,1.2785936059553242
anthropic/claude-sonnet-4,210,78.57142857142858,57.6422372341156,1.363087769343658
anthropic/claude-sonnet-4,220,77.27272727272728,67.91052494049072,1.1378608446988234
anthropic/claude-sonnet-4,230,78.52173913043478,87.20171794891357,0.9004609195478938
anthropic/claude-sonnet-4,240,74.41666666666666,61.15579452514648,1.2168375416342188
anthropic/claude-sonnet-4,250,77.2,85.83380608558655,0.8994125219499458
anthropic/claude-sonnet-4,260,73.92307692307693,73.87919840812683,1.0005939224557867
anthropic/claude-sonnet-4,270,78.44444444444446,78.32241125106812,1.0015580877992272
anthropic/claude-sonnet-4,280,69.85714285714286,66.22358326911926,1.0548680607217757
anthropic/claude-sonnet-4,290,65.51724137931035,67.92609205245972,0.9645371815106188
anthropic/claude-sonnet-4,300,75.8,85.55027303695678,0.8860287326874483
anthropic/claude-sonnet-4,310,71.09677419354838,67.4349790096283,1.054301124397136
anthropic/claude-sonnet-4,320,55.125,61.19621753692627,0.9007909674603197
anthropic/claude-sonnet-4,330,54.84848484848485,61.36239485740661,0.8938452447291418
anthropic/claude-sonnet-4,340,49.529411764705884,60.95611801147461,0.8125420938942057
anthropic/claude-sonnet-4,350,53.828571428571436,60.24365854263306,0.8935143172036637
anthropic/claude-sonnet-4,360,57.222222222222214,57.92669425010681,0.9878385598038283
anthropic/claude-sonnet-4,370,54.97297297297297,52.72629971504212,1.0426101067223177
anthropic/claude-sonnet-4,380,50.1578947368421,55.56042184829712,0.902763029297975
anthropic/claude-sonnet-4,390,46.35897435897436,53.76882538795471,0.8621905727804813
anthropic/claude-sonnet-4,400,50.75,54.69996170997619,0.9277885836388841
anthropic/claude-sonnet-4,410,47.853658536585364,52.902668714523315,0.9045603879610736
anthropic/claude-sonnet-4,420,47.142857142857146,54.652760124206544,0.8625887701868666
anthropic/claude-sonnet-4,430,50.97674418604652,55.503675603866576,0.9184390696910044
anthropic/claude-sonnet-4,440,44.909090909090914,45.88548526763916,0.9787210628185978
anthropic/claude-sonnet-4,450,44.0,42.45768766403198,1.0363258674888833
anthropic/claude-sonnet-4,460,48.26086956521739,60.75422081947327,0.7943624148949427
anthropic/claude-sonnet-4,470,44.255319148936174,50.09035873413086,0.8835097265690219
anthropic/claude-sonnet-4,480,44.04166666666667,51.297165870666504,0.8585594529278122
anthropic/claude-sonnet-4,490,46.244897959183675,54.927569723129274,0.8419250695468247
anthropic/claude-sonnet-4,500,42.92,49.75182785987854,0.8626818721290049
anthropic/claude-sonnet-4-high-reasoning,10,100.0,18.500063800811766,5.405386763888463
anthropic/claude-sonnet-4-high-reasoning,20,99.0,23.111452531814574,4.283590564622426
anthropic/claude-sonnet-4-high-reasoning,30,100.0,27.583857154846193,3.6253087970487496
anthropic/claude-sonnet-4-high-reasoning,40,99.0,24.63272109031677,4.019044409954259
anthropic/claude-sonnet-4-high-reasoning,50,100.0,29.052883005142213,3.44199919788685
anthropic/claude-sonnet-4-high-reasoning,60,98.0,36.45836606025696,2.687997587111541
anthropic/claude-sonnet-4-high-reasoning,70,96.85714285714286,39.227722358703616,2.46909932652903
anthropic/claude-sonnet-4-high-reasoning,80,97.0,35.73366980552673,2.7145266782813766
anthropic/claude-sonnet-4-high-reasoning,90,94.66666666666667,41.62756638526916,2.2741340627629523
anthropic/claude-sonnet-4-high-reasoning,100,94.8,37.95542397499084,2.497666738289224
anthropic/claude-sonnet-4-high-reasoning,110,96.36363636363637,74.6620261669159,1.2906646298106608
anthropic/claude-sonnet-4-high-reasoning,120,94.66666666666666,51.50449833869934,1.8380271572422289
anthropic/claude-sonnet-4-high-reasoning,130,91.07692307692308,49.73809785842896,1.831129998902613
anthropic/claude-sonnet-4-high-reasoning,140,91.28571428571429,63.288909387588504,1.4423651026544029
anthropic/claude-sonnet-4-high-reasoning,150,89.86666666666667,57.55456829071045,1.561416744762058
anthropic/claude-sonnet-4-high-reasoning,160,89.25,60.88920388221741,1.4657770887043133
anthropic/claude-sonnet-4-high-reasoning,170,84.94117647058823,62.35425796508789,1.3622353828369949
anthropic/claude-sonnet-4-high-reasoning,180,90.44444444444444,79.86848735809326,1.1324171451868557
anthropic/claude-sonnet-4-high-reasoning,190,88.73684210526315,112.2553388118744,0.7904910630039144
anthropic/claude-sonnet-4-high-reasoning,200,90.0,85.6803472995758,1.050415910259103
anthropic/claude-sonnet-4-high-reasoning,210,89.33333333333334,91.40042700767518,0.9773842011244843
anthropic/claude-sonnet-4-high-reasoning,220,85.45454545454545,119.6457384109497,0.7142297468300371
anthropic/claude-sonnet-4-high-reasoning,230,80.0,88.44791603088379,0.9044871104941128
anthropic/claude-sonnet-4-high-reasoning,240,83.91666666666667,84.90361123085022,0.9883757056987826
anthropic/claude-sonnet-4-high-reasoning,250,80.0,95.17974143028259,0.8405149961307525
anthropic/claude-sonnet-4-high-reasoning,260,78.07692307692307,122.2497284412384,0.6386674561363315
anthropic/claude-sonnet-4-high-reasoning,270,73.40740740740742,91.26605324745178,0.8043232373418866
anthropic/claude-sonnet-4-high-reasoning,280,79.42857142857143,117.14034056663513,0.6780633473008266
anthropic/claude-sonnet-4-high-reasoning,290,68.96551724137932,88.04726419448852,0.783278366140266
anthropic/claude-sonnet-4-high-reasoning,300,72.6,100.08831105232238,0.7253594274564935
anthropic/claude-sonnet-4-high-reasoning,310,63.677419354838705,90.6984182357788,0.7020786094560486
anthropic/claude-sonnet-4-high-reasoning,320,64.5625,97.82618923187256,0.6599715322342845
anthropic/claude-sonnet-4-high-reasoning,330,69.45454545454545,119.97760562896728,0.5788959122032722
anthropic/claude-sonnet-4-high-reasoning,340,64.23529411764706,109.75714678764344,0.5852493071993625
anthropic/claude-sonnet-4-high-reasoning,350,72.5142857142857,143.89759135246277,0.5039298089199368
anthropic/claude-sonnet-4-high-reasoning,360,57.55555555555556,142.2139744758606,0.4047109699850561
anthropic/claude-sonnet-4-high-reasoning,370,65.24324324324326,115.7660391330719,0.5635784357124528
anthropic/claude-sonnet-4-high-reasoning,380,59.473684210526315,113.50905566215515,0.5239554136327409
anthropic/claude-sonnet-4-high-reasoning,390,61.17948717948718,122.79530577659607,0.49822333836435273
anthropic/claude-sonnet-4-high-reasoning,400,52.4,94.77824516296387,0.5528694893000208
anthropic/claude-sonnet-4-high-reasoning,410,60.6829268292683,122.20044312477111,0.4965851618664657
anthropic/claude-sonnet-4-high-reasoning,420,59.857142857142854,116.78102841377259,0.5125587920416326
anthropic/claude-sonnet-4-high-reasoning,430,52.27906976744187,88.68611235618592,0.5894842876579804
anthropic/claude-sonnet-4-high-reasoning,440,50.13636363636364,118.41805629730224,0.4233844500072733
anthropic/claude-sonnet-4-high-reasoning,450,54.22222222222223,117.52869839668274,0.4613530394015889
anthropic/claude-sonnet-4-high-reasoning,460,60.0,110.41098613739014,0.543424183580236
anthropic/claude-sonnet-4-high-reasoning,470,48.25531914893617,121.20219707489014,0.39813898026220995
anthropic/claude-sonnet-4-high-reasoning,480,44.875,94.88740658760071,0.47292893349942167
anthropic/claude-sonnet-4-high-reasoning,490,52.36734693877552,86.22081265449523,0.6073631798000141
anthropic/claude-sonnet-4-high-reasoning,500,39.879999999999995,69.92148876190186,0.5703539885399211
deepseek/deepseek-r1-0528,10,98.0,22.295102500915526,4.395584186974504
deepseek/deepseek-r1-0528,20,100.0,22.46667613983154,4.451036698869236
deepseek/deepseek-r1-0528,30,98.0,23.65536437034607,4.142823524749887
deepseek/deepseek-r1-0528,40,98.0,31.330096864700316,3.127982668652927
deepseek/deepseek-r1-0528,50,94.8,24.094909381866454,3.9344410264246674
deepseek/deepseek-r1-0528,60,93.0,27.65288100242615,3.3631215493185165
deepseek/deepseek-r1-0528,70,92.85714285714286,29.47955265045166,3.1498830378526854
deepseek/deepseek-r1-0528,80,93.0,40.912961864471434,2.273118243261694
deepseek/deepseek-r1-0528,90,86.0,27.05379319190979,3.1788518301277464
deepseek/deepseek-r1-0528,100,86.8,28.3342342376709,3.0634320049700783
deepseek/deepseek-r1-0528,110,88.9090909090909,20.40977168083191,4.356202131971471
deepseek/deepseek-r1-0528,120,81.16666666666666,38.504670810699466,2.10796936989038
deepseek/deepseek-r1-0528,130,77.38461538461539,20.190315532684327,3.832759089839098
deepseek/deepseek-r1-0528,140,78.0,41.25403981208801,1.8907239231670327
deepseek/deepseek-r1-0528,150,66.66666666666667,32.365979766845705,2.0597759482923825
deepseek/deepseek-r1-0528,160,56.0,43.2681646823883,1.2942541106393175
deepseek/deepseek-r1-0528,170,72.58823529411765,34.92034196853638,2.078680539827487
deepseek/deepseek-r1-0528,180,64.0,26.522574043273927,2.413038790864655
deepseek/deepseek-r1-0528,190,57.578947368421055,34.65621905326843,1.6614318855706443
deepseek/deepseek-r1-0528,200,55.3,27.021077632904053,2.046550502214619
deepseek/deepseek-r1-0528,210,63.42857142857142,32.03827700614929,1.9797747368373526
deepseek/deepseek-r1-0528,220,54.090909090909086,35.09587697982788,1.5412325818784645
deepseek/deepseek-r1-0528,230,56.26086956521739,61.90250978469849,0.9088624962202156
deepseek/deepseek-r1-0528,240,51.25,37.67165412902832,1.3604393325672612
deepseek/deepseek-r1-0528,250,49.120000000000005,15.885222005844117,3.0921821540755885
deepseek/deepseek-r1-0528,260,47.07692307692308,37.036895990371704,1.2710817636867147
deepseek/deepseek-r1-0528,270,41.70370370370371,38.59609184265137,1.0805162313770384
deepseek/deepseek-r1-0528,280,44.5,30.327354192733765,1.4673221975513415
deepseek/deepseek-r1-0528,290,43.44827586206897,22.52986874580383,1.928474433308058
deepseek/deepseek-r1-0528,300,42.06666666666667,45.35472183227539,0.9275035755313823
deepseek/deepseek-r1-0528,310,41.41935483870968,39.072750902175905,1.0600573003525866
deepseek/deepseek-r1-0528,320,42.8125,73.16881589889526,0.5851194866834849
deepseek/deepseek-r1-0528,330,35.81818181818182,27.6382887840271,1.2959623549082422
deepseek/deepseek-r1-0528,340,36.0,117.85349955558777,0.30546398822056137
deepseek/deepseek-r1-0528,350,37.08571428571428,22.00815620422363,1.6850895614143762
deepseek/deepseek-r1-0528,360,36.77777777777778,48.985433387756345,0.7507900866499263
deepseek/deepseek-r1-0528,370,33.35135135135135,17.24699821472168,1.933748176704937
deepseek/deepseek-r1-0528,380,33.10526315789474,41.177682065963744,0.8039613085763896
deepseek/deepseek-r1-0528,390,31.589743589743584,17.154810428619385,1.8414510449525219
deepseek/deepseek-r1-0528,400,33.8,43.51212635040283,0.7767949497068667
deepseek/deepseek-r1-0528,410,33.1219512195122,28.815772342681885,1.1494382599092097
deepseek/deepseek-r1-0528,420,29.904761904761905,54.14201540946961,0.5523392817684336
deepseek/deepseek-r1-0528,430,32.51162790697674,28.305121850967407,1.1486128933893132
deepseek/deepseek-r1-0528,440,28.81818181818182,31.72536745071411,0.9083640043870681
deepseek/deepseek-r1-0528,450,31.644444444444446,28.084289216995238,1.1267667912098973
deepseek/deepseek-r1-0528,460,30.391304347826086,52.543836784362796,0.5783990322699585
deepseek/deepseek-r1-0528,470,30.255319148936167,29.579659271240235,1.022842043970157
deepseek/deepseek-r1-0528,480,27.041666666666664,22.223766326904297,1.2167904516674914
deepseek/deepseek-r1-0528,490,33.51020408163265,40.03727197647095,0.8369752090333699
deepseek/deepseek-r1-0528,500,30.880000000000003,38.52789444923401,0.8014972123817667
google/gemini-2.5-flash-preview-05-20,10,100.0,6.40672345161438,15.608602549373625
google/gemini-2.5-flash-preview-05-20,20,99.0,6.2824718952178955,15.75812859192526
google/gemini-2.5-flash-preview-05-20,30,97.33333333333333,6.822136878967285,14.267279455123944
google/gemini-2.5-flash-preview-05-20,40,96.0,8.034141111373902,11.949005957101397
google/gemini-2.5-flash-preview-05-20,50,96.0,7.401459169387818,12.970415400932389
google/gemini-2.5-flash-preview-05-20,60,91.33333333333333,8.5945415019989,10.626900028592708
google/gemini-2.5-flash-preview-05-20,70,90.85714285714286,9.602020740509033,9.46229396004473
google/gemini-2.5-flash-preview-05-20,80,88.0,9.714315366744994,9.058795877808365
google/gemini-2.5-flash-preview-05-20,90,84.22222222222223,10.081631469726563,8.354027071424634
google/gemini-2.5-flash-preview-05-20,100,82.0,10.677240419387818,7.679887010046505
google/gemini-2.5-flash-preview-05-20,110,79.81818181818183,11.66045708656311,6.845201798320587
google/gemini-2.5-flash-preview-05-20,120,79.33333333333334,12.043885803222656,6.587021384087322
google/gemini-2.5-flash-preview-05-20,130,80.61538461538461,11.454462051391602,7.037902282420208
google/gemini-2.5-flash-preview-05-20,140,74.0,11.883882045745848,6.226921448323385
google/gemini-2.5-flash-preview-05-20,150,77.86666666666666,12.379458236694337,6.289989850756123
google/gemini-2.5-flash-preview-05-20,160,72.5,13.459067010879517,5.386703249296201
google/gemini-2.5-flash-preview-05-20,170,66.23529411764704,13.031894731521607,5.082552881388522
google/gemini-2.5-flash-preview-05-20,180,67.66666666666666,13.580521202087402,4.98262663558641
google/gemini-2.5-flash-preview-05-20,190,73.15789473684211,15.373809242248536,4.75860559891676
google/gemini-2.5-flash-preview-05-20,200,59.1,12.636168718338013,4.677050561554483
google/gemini-2.5-flash-preview-05-20,210,59.23809523809524,13.250970602035522,4.470472165185809
google/gemini-2.5-flash-preview-05-20,220,53.0,12.49204616546631,4.242699658484779
google/gemini-2.5-flash-preview-05-20,230,56.52173913043479,13.133001041412353,4.303794612686356
google/gemini-2.5-flash-preview-05-20,240,50.5,13.163178777694702,3.8364593274060343
google/gemini-2.5-flash-preview-05-20,250,50.720000000000006,12.954924154281617,3.915113619807414
google/gemini-2.5-flash-preview-05-20,260,49.84615384615385,13.309565830230714,3.7451374809639297
google/gemini-2.5-flash-preview-05-20,270,49.62962962962963,13.658265733718872,3.6336699400353867
google/gemini-2.5-flash-preview-05-20,280,44.57142857142857,11.831320524215698,3.7672403921609776
google/gemini-2.5-flash-preview-05-20,290,50.0,13.487373971939087,3.7071708772980267
google/gemini-2.5-flash-preview-05-20,300,45.0,13.409097671508789,3.355930510940682
google/gemini-2.5-flash-preview-05-20,310,46.0,14.09677333831787,3.263158092707835
google/gemini-2.5-flash-preview-05-20,320,43.375,13.100075006484985,3.3110497442593183
google/gemini-2.5-flash-preview-05-20,330,43.21212121212121,13.48355221748352,3.2048024522862737
google/gemini-2.5-flash-preview-05-20,340,40.470588235294116,15.852545642852784,2.5529393920111834
google/gemini-2.5-flash-preview-05-20,350,44.114285714285714,15.026724863052369,2.9357219298500423
google/gemini-2.5-flash-preview-05-20,360,43.833333333333336,13.57895760536194,3.2280337421500467
google/gemini-2.5-flash-preview-05-20,370,42.0,13.43109302520752,3.1270723775923717
google/gemini-2.5-flash-preview-05-20,380,39.473684210526315,12.82750382423401,3.077269338712006
google/gemini-2.5-flash-preview-05-20,390,42.82051282051282,15.458522033691406,2.770026314752907
google/gemini-2.5-flash-preview-05-20,400,41.15,13.86227560043335,2.968488088543962
google/gemini-2.5-flash-preview-05-20,410,37.75609756097561,14.536963701248169,2.597247839157348
google/gemini-2.5-flash-preview-05-20,420,38.04761904761905,13.466558361053467,2.8253409689038502
google/gemini-2.5-flash-preview-05-20,430,39.581395348837205,14.443998622894288,2.7403350264863073
google/gemini-2.5-flash-preview-05-20,440,37.590909090909086,14.286962985992432,2.631133651551059
google/gemini-2.5-flash-preview-05-20,450,38.044444444444444,14.54161720275879,2.616245766476838
google/gemini-2.5-flash-preview-05-20,460,34.56521739130435,13.775372457504272,2.50920383444693
google/gemini-2.5-flash-preview-05-20,470,34.808510638297875,17.074544811248778,2.038620122708389
google/gemini-2.5-flash-preview-05-20,480,33.708333333333336,13.259018278121948,2.542294808428901
google/gemini-2.5-flash-preview-05-20,490,36.97959183673469,15.427137804031371,2.3970481307991753
google/gemini-2.5-flash-preview-05-20,500,34.2,13.759988784790039,2.485467142081094
google/gemini-2.5-pro-preview,10,100.0,21.54306893348694,4.641864179553275
google/gemini-2.5-pro-preview,20,100.0,26.39742579460144,3.788248171549026
google/gemini-2.5-pro-preview,30,100.0,31.171356296539308,3.2080734328233946
google/gemini-2.5-pro-preview,40,100.0,34.24385142326355,2.9202322707213075
google/gemini-2.5-pro-preview,50,100.0,34.91689343452454,2.863943213834816
google/gemini-2.5-pro-preview,60,99.0,34.62451620101929,2.859245727080675
google/gemini-2.5-pro-preview,70,100.0,42.94992461204529,2.3282927945339176
google/gemini-2.5-pro-preview,80,99.75,45.00671615600586,2.216335883165495
google/gemini-2.5-pro-preview,90,99.55555555555556,48.442947959899904,2.0551093554002047
google/gemini-2.5-pro-preview,100,98.8,50.764483499526975,1.9462425930310236
google/gemini-2.5-pro-preview,110,98.9090909090909,62.44384412765503,1.5839686407981122
google/gemini-2.5-pro-preview,120,99.16666666666666,60.63826928138733,1.6353808880410354
google/gemini-2.5-pro-preview,130,97.84615384615384,52.356882429122926,1.8688307879792327
google/gemini-2.5-pro-preview,140,93.42857142857142,51.957672929763795,1.7981669724675284
google/gemini-2.5-pro-preview,150,97.46666666666667,71.06691045761109,1.3714774715695865
google/gemini-2.5-pro-preview,160,98.0,66.50703535079955,1.4735283189678643
google/gemini-2.5-pro-preview,170,95.17647058823529,69.75744314193726,1.3643916161688623
google/gemini-2.5-pro-preview,180,95.0,63.45775980949402,1.49705883543949
google/gemini-2.5-pro-preview,190,93.57894736842105,67.99479093551636,1.3762664180726392
google/gemini-2.5-pro-preview,200,91.2,76.33946323394775,1.194663888590768
google/gemini-2.5-pro-preview,210,91.61904761904762,65.68741555213929,1.3947732126304337
google/gemini-2.5-pro-preview,220,92.0,73.11028156280517,1.258372940623511
google/gemini-2.5-pro-preview,230,89.30434782608695,64.04094395637512,1.394488311835649
google/gemini-2.5-pro-preview,240,91.16666666666666,65.25281620025635,1.3971299933918946
google/gemini-2.5-pro-preview,250,84.8,63.36584477424621,1.33826038778647
google/gemini-2.5-pro-preview,260,83.61538461538461,67.27345266342164,1.24291799075222
google/gemini-2.5-pro-preview,270,85.7037037037037,65.23103632926941,1.313848568511062
google/gemini-2.5-pro-preview,280,84.14285714285714,62.3522388458252,1.3494761166621836
google/gemini-2.5-pro-preview,290,88.48275862068967,91.38971905708313,0.9681916033183368
google/gemini-2.5-pro-preview,300,80.0,72.21888308525085,1.1077435233325876
google/gemini-2.5-pro-preview,310,80.70967741935485,67.8734381198883,1.1891202163178067
google/gemini-2.5-pro-preview,320,79.875,66.7701922416687,1.1962673360427005
google/gemini-2.5-pro-preview,330,84.24242424242425,102.59411325454712,0.8211233721900755
google/gemini-2.5-pro-preview,340,78.35294117647058,65.55874600410462,1.1951561912359476
google/gemini-2.5-pro-preview,350,74.34285714285714,60.58657302856445,1.2270516952296853
google/gemini-2.5-pro-preview,360,77.94444444444444,74.81719417572022,1.041798550496018
google/gemini-2.5-pro-preview,370,78.70270270270271,85.35238571166992,0.9220914218914676
google/gemini-2.5-pro-preview,380,71.0,64.71813039779663,1.0970650660578607
google/gemini-2.5-pro-preview,390,75.7948717948718,70.34059772491455,1.0775409115982726
google/gemini-2.5-pro-preview,400,72.95,73.19097304344177,0.9967076125180254
google/gemini-2.5-pro-preview,410,76.04878048780488,84.4207808971405,0.9008300998833901
google/gemini-2.5-pro-preview,420,68.85714285714286,63.73565602302551,1.0803551285683344
google/gemini-2.5-pro-preview,430,75.95348837209302,83.87916722297669,0.9055107589490633
google/gemini-2.5-pro-preview,440,70.81818181818183,69.24957242012024,1.0226515391105264
google/gemini-2.5-pro-preview,450,69.73333333333333,68.78411808013917,1.013799918930243
google/gemini-2.5-pro-preview,460,65.17391304347827,64.55046114921569,1.0096583646834278
google/gemini-2.5-pro-preview,470,68.12765957446808,75.6780613899231,0.9002299784536977
google/gemini-2.5-pro-preview,480,71.45833333333334,78.00390787124634,0.9160865818579608
google/gemini-2.5-pro-preview,490,63.755102040816325,62.101150560379025,1.0266331857866178
google/gemini-2.5-pro-preview,500,66.64,69.3617774963379,0.960759692231336
google/gemini-2.5-pro-preview-high-reasoning,10,100.0,24.779160594940187,4.035649214865641
google/gemini-2.5-pro-preview-high-reasoning,20,100.0,32.19830265045166,3.105753774837484
google/gemini-2.5-pro-preview-high-reasoning,30,100.0,36.1726056098938,2.7645229950658674
google/gemini-2.5-pro-preview-high-reasoning,40,100.0,37.337831258773804,2.6782487527714016
google/gemini-2.5-pro-preview-high-reasoning,50,99.6,47.096299171447754,2.114815850761852
google/gemini-2.5-pro-preview-high-reasoning,60,99.66666666666666,42.01680059432984,2.372067012644382
google/gemini-2.5-pro-preview-high-reasoning,70,99.71428571428571,46.24141340255737,2.156384902126954
google/gemini-2.5-pro-preview-high-reasoning,80,100.0,60.22696361541748,1.6603858802936735
google/gemini-2.5-pro-preview-high-reasoning,90,100.0,53.11467642784119,1.8827188025112938
google/gemini-2.5-pro-preview-high-reasoning,100,98.4,52.76631898880005,1.8648259322558762
google/gemini-2.5-pro-preview-high-reasoning,110,98.9090909090909,63.20269517898559,1.5649505235336454
google/gemini-2.5-pro-preview-high-reasoning,120,96.0,63.803681182861325,1.5046153798691337
google/gemini-2.5-pro-preview-high-reasoning,130,99.23076923076924,72.49643297195435,1.368767609147849
google/gemini-2.5-pro-preview-high-reasoning,140,97.28571428571429,64.15652594566345,1.5163806464226133
google/gemini-2.5-pro-preview-high-reasoning,150,98.26666666666668,90.58114409446716,1.084846826003702
google/gemini-2.5-pro-preview-high-reasoning,160,94.625,68.10944480895996,1.3893080506736395
google/gemini-2.5-pro-preview-high-reasoning,170,94.82352941176471,69.99254541397094,1.354766123319718
google/gemini-2.5-pro-preview-high-reasoning,180,95.22222222222221,82.6878927707672,1.1515860306925887
google/gemini-2.5-pro-preview-high-reasoning,190,95.36842105263159,91.7900161743164,1.0389846851265339
google/gemini-2.5-pro-preview-high-reasoning,200,90.2,67.41790781021118,1.3379234528298167
google/gemini-2.5-pro-preview-high-reasoning,210,94.28571428571429,78.73120622634887,1.1975647116931865
google/gemini-2.5-pro-preview-high-reasoning,220,93.0,80.76580934524536,1.1514773485703311
google/gemini-2.5-pro-preview-high-reasoning,230,89.56521739130434,81.84602465629578,1.094313593939651
google/gemini-2.5-pro-preview-high-reasoning,240,90.08333333333333,80.45289597511291,1.119702805492539
google/gemini-2.5-pro-preview-high-reasoning,250,84.8,74.51227040290833,1.1380675899615338
google/gemini-2.5-pro-preview-high-reasoning,260,87.15384615384616,77.29100942611694,1.127606519839247
google/gemini-2.5-pro-preview-high-reasoning,270,80.88888888888889,66.55601072311401,1.2153506198771804
google/gemini-2.5-pro-preview-high-reasoning,280,83.64285714285714,66.50891757011414,1.257618680302236
google/gemini-2.5-pro-preview-high-reasoning,290,75.72413793103449,77.58606114387513,0.9760018335073372
google/gemini-2.5-pro-preview-high-reasoning,300,81.2,64.18740825653076,1.2650456250776927
google/gemini-2.5-pro-preview-high-reasoning,310,81.74193548387096,77.1535750389099,1.0594704839360596
google/gemini-2.5-pro-preview-high-reasoning,320,81.375,77.61110315322875,1.0484968863197335
google/gemini-2.5-pro-preview-high-reasoning,330,83.21212121212122,93.15872077941894,0.8932295389623344
google/gemini-2.5-pro-preview-high-reasoning,340,76.23529411764706,77.88071002960206,0.9788726128545877
google/gemini-2.5-pro-preview-high-reasoning,350,82.57142857142858,87.46068654060363,0.9440976493260751
google/gemini-2.5-pro-preview-high-reasoning,360,74.72222222222221,75.85445261001587,0.9850736463208732
google/gemini-2.5-pro-preview-high-reasoning,370,73.08108108108108,77.36691575050354,0.9446037802095715
google/gemini-2.5-pro-preview-high-reasoning,380,76.73684210526315,76.0420307636261,1.0091372012906499
google/gemini-2.5-pro-preview-high-reasoning,390,72.05128205128206,73.86923961639404,0.9753895183630872
google/gemini-2.5-pro-preview-high-reasoning,400,74.75,87.7211392879486,0.8521321155511872
google/gemini-2.5-pro-preview-high-reasoning,410,73.65853658536585,89.0320701122284,0.8273258893398344
google/gemini-2.5-pro-preview-high-reasoning,420,76.61904761904762,92.49865484237671,0.8283260740343857
google/gemini-2.5-pro-preview-high-reasoning,430,71.3953488372093,82.37213416099549,0.8667415208360126
google/gemini-2.5-pro-preview-high-reasoning,440,71.5909090909091,84.94493474960328,0.8427919722575742
google/gemini-2.5-pro-preview-high-reasoning,450,70.57777777777778,80.07491855621338,0.8813968100165034
google/gemini-2.5-pro-preview-high-reasoning,460,68.91304347826087,102.53139777183533,0.672116492858257
google/gemini-2.5-pro-preview-high-reasoning,470,76.38297872340425,90.9569755077362,0.8397704331858266
google/gemini-2.5-pro-preview-high-reasoning,480,71.58333333333334,82.66361203193665,0.8659594176174821
google/gemini-2.5-pro-preview-high-reasoning,490,71.22448979591836,81.93904080390931,0.8692375343563973
google/gemini-2.5-pro-preview-high-reasoning,500,68.88,77.69210247993469,0.8865765991825157
meta-llama/llama-4-maverick,10,100.0,2.593831920623779,38.55299921513474
meta-llama/llama-4-maverick,20,100.0,5.580140399932861,17.92069604578465
meta-llama/llama-4-maverick,30,97.33333333333334,4.65670599937439,20.901756165497606
meta-llama/llama-4-maverick,40,87.5,9.15417652130127,9.558478558545628
meta-llama/llama-4-maverick,50,76.4,8.045424461364746,9.496080706106122
meta-llama/llama-4-maverick,60,58.0,6.483280515670776,8.946088305111564
meta-llama/llama-4-maverick,70,60.57142857142857,6.744412851333618,8.98097876073102
meta-llama/llama-4-maverick,80,52.0,7.929320573806763,6.557938919984349
meta-llama/llama-4-maverick,90,35.77777777777778,4.647447967529297,7.6983708107652395
meta-llama/llama-4-maverick,100,50.4,7.618809938430786,6.6152063652057285
meta-llama/llama-4-maverick,110,32.72727272727273,4.951043272018433,6.610177073635336
meta-llama/llama-4-maverick,120,54.666666666666664,15.74573473930359,3.4718396805079474
meta-llama/llama-4-maverick,130,27.384615384615387,37.981896591186526,0.7209912574763269
meta-llama/llama-4-maverick,140,43.0,7.207644081115722,5.965888370190406
meta-llama/llama-4-maverick,150,41.733333333333334,6.151329565048218,6.784441134557583
meta-llama/llama-4-maverick,160,52.375,17.68621063232422,2.961346615666602
meta-llama/llama-4-maverick,170,37.294117647058826,33.15427980422974,1.1248658655013504
meta-llama/llama-4-maverick,180,53.55555555555556,31.193372297286988,1.7168889290053932
meta-llama/llama-4-maverick,190,68.84210526315789,10.852964401245117,6.343161436635682
meta-llama/llama-4-maverick,200,35.3,13.496017789840698,2.6155863566342163
meta-llama/llama-4-maverick,210,34.57142857142857,8.616147661209107,4.012399732547893
meta-llama/llama-4-maverick,220,50.0,7.555828380584717,6.617408109543469
meta-llama/llama-4-maverick,230,82.26086956521739,13.26324200630188,6.202169087025032
meta-llama/llama-4-maverick,240,16.0,5.699390697479248,2.8073176325807165
meta-llama/llama-4-maverick,250,34.8,8.038304042816161,4.329271425245576
meta-llama/llama-4-maverick,260,64.23076923076923,15.781768941879273,4.069934711838501
meta-llama/llama-4-maverick,270,32.592592592592595,8.073552465438842,4.036958046921047
meta-llama/llama-4-maverick,280,16.428571428571427,12.983078050613404,1.2653833986459964
meta-llama/llama-4-maverick,290,66.20689655172414,21.303689861297606,3.107766634924692
meta-llama/llama-4-maverick,300,29.333333333333332,8.592531156539916,3.4138175118524012
meta-llama/llama-4-maverick,310,48.96774193548387,14.423843431472779,3.3949163527826722
meta-llama/llama-4-maverick,320,13.4375,8.931103372573853,1.5045733365112142
meta-llama/llama-4-maverick,330,61.15151515151515,22.142440700531004,2.761733269541901
meta-llama/llama-4-maverick,340,49.23529411764706,14.499141883850097,3.3957384865988454
meta-llama/llama-4-maverick,350,36.22857142857143,12.772904682159425,2.8363612138414958
meta-llama/llama-4-maverick,360,47.888888888888886,16.233183002471925,2.9500615425573997
meta-llama/llama-4-maverick,370,29.189189189189186,14.147803688049317,2.063160461707944
meta-llama/llama-4-maverick,380,28.89473684210526,44.025617599487305,0.6563164452335076
meta-llama/llama-4-maverick,390,11.538461538461538,7.199407339096069,1.6026960269079962
meta-llama/llama-4-maverick,400,28.05,10.92965040206909,2.5664132857067288
meta-llama/llama-4-maverick,410,29.5609756097561,14.317212629318238,2.0647158336687874
meta-llama/llama-4-maverick,420,10.333333333333332,6.012075471878052,1.7187630763566257
meta-llama/llama-4-maverick,430,29.395348837209305,9.267368078231812,3.171919857834961
meta-llama/llama-4-maverick,440,12.0,10.246716737747192,1.1711068342305204
meta-llama/llama-4-maverick,450,11.511111111111111,10.232238721847533,1.1249846122660305
meta-llama/llama-4-maverick,460,45.26086956521739,14.648104429244995,3.089878952177177
meta-llama/llama-4-maverick,470,29.48936170212766,9.171317625045777,3.2153898608413387
meta-llama/llama-4-maverick,480,11.208333333333334,9.35593385696411,1.1979919380244854
meta-llama/llama-4-maverick,490,10.448979591836736,8.674226808547974,1.204600689198009
meta-llama/llama-4-maverick,500,27.68,7.782857990264892,3.556534120836233
meta-llama/llama-4-scout,10,100.0,8.459730434417725,11.820707618904514
meta-llama/llama-4-scout,20,97.0,9.818932056427002,9.878874753645785
meta-llama/llama-4-scout,30,93.33333333333334,8.577426481246949,10.881274650081869
meta-llama/llama-4-scout,40,76.0,9.837097406387329,7.725856201307147
meta-llama/llama-4-scout,50,54.4,11.149162292480469,4.879290351409628
meta-llama/llama-4-scout,60,42.66666666666667,5.525799894332886,7.72135572814073
meta-llama/llama-4-scout,70,41.142857142857146,9.334761810302734,4.407488694296191
meta-llama/llama-4-scout,80,33.5,12.133133745193481,2.761034428823548
meta-llama/llama-4-scout,90,29.555555555555554,8.424588346481324,3.508249227144724
meta-llama/llama-4-scout,100,27.2,10.234198379516602,2.6577557900812114
meta-llama/llama-4-scout,110,21.272727272727273,7.620783138275146,2.791409608008088
meta-llama/llama-4-scout,120,26.0,10.002555465698242,2.5993357486656072
meta-llama/llama-4-scout,130,17.846153846153847,7.10479621887207,2.5118459835273126
meta-llama/llama-4-scout,140,22.857142857142858,6.566983079910278,3.480615463601156
meta-llama/llama-4-scout,150,22.133333333333333,8.878396844863891,2.492942557094343
meta-llama/llama-4-scout,160,14.625,6.564054155349732,2.228043775062484
meta-llama/llama-4-scout,170,11.294117647058824,13.23479413986206,0.8533655701558601
meta-llama/llama-4-scout,180,13.0,8.789231538772583,1.4790826641273636
meta-llama/llama-4-scout,190,17.473684210526315,9.07833456993103,1.9247675965151245
meta-llama/llama-4-scout,200,12.6,10.427472686767578,1.2083464880219106
meta-llama/llama-4-scout,210,13.047619047619047,10.44825177192688,1.2487849003290996
meta-llama/llama-4-scout,220,12.181818181818182,9.105438947677612,1.3378617166968338
meta-llama/llama-4-scout,230,11.565217391304348,7.700223970413208,1.5019325977714044
meta-llama/llama-4-scout,240,10.75,6.078187131881714,1.768619452930855
meta-llama/llama-4-scout,250,9.28,6.679366636276245,1.3893532883192066
meta-llama/llama-4-scout,260,9.23076923076923,7.0589734554290775,1.307664533526446
meta-llama/llama-4-scout,270,11.333333333333334,8.495064640045166,1.334107957214211
meta-llama/llama-4-scout,280,9.071428571428571,7.882364130020141,1.1508512448543013
meta-llama/llama-4-scout,290,9.793103448275861,12.087046766281128,0.810214739600031
meta-llama/llama-4-scout,300,8.933333333333334,5.175367212295532,1.7261255031545786
meta-llama/llama-4-scout,310,8.451612903225806,6.7660928726196286,1.2491127541903804
meta-llama/llama-4-scout,320,9.8125,10.140565872192383,0.9676481691133223
meta-llama/llama-4-scout,330,8.424242424242424,10.699130249023437,0.7873763780949715
meta-llama/llama-4-scout,340,7.764705882352942,6.845478630065918,1.134282393089316
meta-llama/llama-4-scout,350,7.657142857142857,8.857327365875244,0.8644981201263536
meta-llama/llama-4-scout,360,7.222222222222221,11.373424386978149,0.6350085934093173
meta-llama/llama-4-scout,370,7.621621621621623,9.72388572692871,0.7838041124357096
meta-llama/llama-4-scout,380,6.842105263157895,8.387862920761108,0.8157149595545664
meta-llama/llama-4-scout,390,27.333333333333332,23.16355276107788,1.180014724652343
meta-llama/llama-4-scout,400,6.35,7.001366472244262,0.906965808056685
meta-llama/llama-4-scout,410,8.878048780487806,6.711266756057739,1.3228573834402098
meta-llama/llama-4-scout,420,8.333333333333332,7.092545795440674,1.1749424781564721
meta-llama/llama-4-scout,430,6.976744186046512,5.808077621459961,1.2012140058646092
meta-llama/llama-4-scout,440,8.318181818181817,7.568484973907471,1.099055074675968
meta-llama/llama-4-scout,450,6.311111111111112,10.326212644577026,0.6111738474052723
meta-llama/llama-4-scout,460,8.043478260869566,8.892795705795288,0.9044937640507995
meta-llama/llama-4-scout,470,6.297872340425532,7.179359817504883,0.8772192090261185
meta-llama/llama-4-scout,480,6.333333333333334,9.289617443084717,0.6817647090567684
meta-llama/llama-4-scout,490,5.795918367346938,5.859871959686279,0.9890861792238265
meta-llama/llama-4-scout,500,6.720000000000001,7.7148175716400145,0.8710510569560317
openai/gpt-4.1,10,98.0,12.070887470245362,8.118707115907524
openai/gpt-4.1,20,99.0,17.594917201995848,5.626624943069928
openai/gpt-4.1,30,99.33333333333334,13.185900354385376,7.533299256299703
openai/gpt-4.1,40,99.5,15.107009363174438,6.586346616196977
openai/gpt-4.1,50,98.8,21.249646997451784,4.649489001480726
openai/gpt-4.1,60,97.66666666666666,18.736350536346436,5.212683573420779
openai/gpt-4.1,70,94.0,18.775038766860963,5.006647451823933
openai/gpt-4.1,80,94.75,17.473535013198852,5.422486058397995
openai/gpt-4.1,90,94.66666666666667,22.010587406158447,4.300960484143165
openai/gpt-4.1,100,95.4,20.660186958312988,4.617576800853399
openai/gpt-4.1,110,93.63636363636364,25.445476770401,3.6798824593172674
openai/gpt-4.1,120,90.83333333333333,19.110546684265138,4.753047353068234
openai/gpt-4.1,130,90.15384615384616,20.238583040237426,4.454553264653281
openai/gpt-4.1,140,87.57142857142858,21.036999130249022,4.16273385900891
openai/gpt-4.1,150,86.93333333333334,25.496081256866454,3.4096743125934683
openai/gpt-4.1,160,87.0,26.4027663230896,3.295109267543577
openai/gpt-4.1,170,84.47058823529412,25.93843455314636,3.2565800400258826
openai/gpt-4.1,180,83.88888888888889,23.591021823883057,3.555966736632049
openai/gpt-4.1,190,83.05263157894737,22.69647765159607,3.659274044803464
openai/gpt-4.1,200,79.7,23.76425485610962,3.3537765220317732
openai/gpt-4.1,210,78.0952380952381,22.925358152389528,3.406500242051755
openai/gpt-4.1,220,76.45454545454545,23.665363836288453,3.2306515962923883
openai/gpt-4.1,230,76.69565217391305,27.438549852371217,2.7951787753566384
openai/gpt-4.1,240,73.08333333333334,23.125461292266845,3.160297319464603
openai/gpt-4.1,250,74.0,24.788211059570312,2.985290056719516
openai/gpt-4.1,260,68.76923076923076,28.144592571258546,2.4434260540498416
openai/gpt-4.1,270,71.40740740740742,29.69681844711304,2.4045473940104602
openai/gpt-4.1,280,67.14285714285714,27.38034529685974,2.4522282832772664
openai/gpt-4.1,290,66.89655172413794,41.49533405303955,1.612146359362487
openai/gpt-4.1,300,66.53333333333333,31.002858924865723,2.146038644196472
openai/gpt-4.1,310,63.225806451612904,30.006877183914185,2.1070438641148046
openai/gpt-4.1,320,62.5625,31.470087385177614,1.9879989284512405
openai/gpt-4.1,330,61.27272727272727,29.57445282936096,2.0718127103233117
openai/gpt-4.1,340,54.82352941176471,27.94392466545105,1.961912296433676
openai/gpt-4.1,350,61.828571428571436,32.27856597900391,1.915468347286208
openai/gpt-4.1,360,56.333333333333336,25.423851251602173,2.215767106873051
openai/gpt-4.1,370,59.351351351351354,28.8035569190979,2.0605563235837394
openai/gpt-4.1,380,56.789473684210535,31.806046581268312,1.7854930048947306
openai/gpt-4.1,390,58.92307692307693,30.51301512718201,1.9310801203184371
openai/gpt-4.1,400,52.7,32.02830557823181,1.6454195452605465
openai/gpt-4.1,410,51.80487804878048,34.303933477401735,1.5101731141971744
openai/gpt-4.1,420,49.904761904761905,39.396826171875,1.2667203618647944
openai/gpt-4.1,430,48.79069767441861,28.379657077789307,1.7192137854478706
openai/gpt-4.1,440,48.18181818181819,26.948494958877564,1.7879224147894683
openai/gpt-4.1,450,46.577777777777776,29.82155466079712,1.5618829503549687
openai/gpt-4.1,460,50.78260869565217,32.80817584991455,1.5478644386680962
openai/gpt-4.1,470,46.59574468085106,27.03534245491028,1.7235122787352797
openai/gpt-4.1,480,42.83333333333333,28.549897384643554,1.5002972779990642
openai/gpt-4.1,490,45.51020408163265,29.85244655609131,1.5245050014953103
openai/gpt-4.1,500,48.92,30.814060020446778,1.5875869641176452
openai/gpt-4.1-mini,10,100.0,9.27697172164917,10.779379629522355
openai/gpt-4.1-mini,20,99.0,9.730320167541503,10.174382578925323
openai/gpt-4.1-mini,30,97.33333333333334,12.656317520141602,7.690493951217206
openai/gpt-4.1-mini,40,92.0,12.032446384429932,7.645992931167234
openai/gpt-4.1-mini,50,93.2,13.67529296875,6.815210483093512
openai/gpt-4.1-mini,60,92.66666666666666,17.823162460327147,5.199226953854841
openai/gpt-4.1-mini,70,88.28571428571429,13.501598405838013,6.5389083301085345
openai/gpt-4.1-mini,80,85.25,12.766649198532104,6.677554828545141
openai/gpt-4.1-mini,90,84.88888888888889,15.956889438629151,5.319889519531674
openai/gpt-4.1-mini,100,80.0,13.723015403747558,5.829622546233764
openai/gpt-4.1-mini,110,78.18181818181819,12.60345253944397,6.203206457686027
openai/gpt-4.1-mini,120,77.83333333333333,15.574977207183839,4.997332085817327
openai/gpt-4.1-mini,130,75.23076923076924,15.806830739974975,4.759383488589715
openai/gpt-4.1-mini,140,70.0,15.315527391433715,4.5705249457588
openai/gpt-4.1-mini,150,61.6,13.236772823333741,4.653702289988064
openai/gpt-4.1-mini,160,61.25,15.962775945663452,3.8370519143094004
openai/gpt-4.1-mini,170,59.294117647058826,14.619236516952515,4.05589700791154
openai/gpt-4.1-mini,180,56.777777777777786,18.626402187347413,3.0482418025068703
openai/gpt-4.1-mini,190,53.684210526315795,14.787522172927856,3.6303722759312413
openai/gpt-4.1-mini,200,52.2,16.584762239456175,3.1474674913224243
openai/gpt-4.1-mini,210,47.904761904761905,12.858315372467041,3.725586168724584
openai/gpt-4.1-mini,220,48.0,17.259171199798583,2.781130069592227
openai/gpt-4.1-mini,230,46.95652173913043,16.568418121337892,2.834098065080622
openai/gpt-4.1-mini,240,44.16666666666667,14.08201174736023,3.1363889946296926
openai/gpt-4.1-mini,250,44.48,15.486627388000489,2.8721553689904398
openai/gpt-4.1-mini,260,43.07692307692308,16.802871990203858,2.563664301081214
openai/gpt-4.1-mini,270,43.33333333333333,16.168032264709474,2.6801859758728033
openai/gpt-4.1-mini,280,41.07142857142857,13.641016340255737,3.0108774556792723
openai/gpt-4.1-mini,290,40.41379310344828,16.996219682693482,2.377810704847496
openai/gpt-4.1-mini,300,37.13333333333333,13.499955940246583,2.750626261129492
openai/gpt-4.1-mini,310,37.483870967741936,12.459589052200318,3.008435576061188
openai/gpt-4.1-mini,320,35.375,14.551922035217284,2.4309503524268843
openai/gpt-4.1-mini,330,34.303030303030305,17.41270546913147,1.9700000303710017
openai/gpt-4.1-mini,340,34.0,17.865475845336913,1.9031119178879512
openai/gpt-4.1-mini,350,33.94285714285714,14.596866607666016,2.325352286567513
openai/gpt-4.1-mini,360,32.27777777777778,14.8235267162323,2.1774695317567336
openai/gpt-4.1-mini,370,33.51351351351351,16.397299003601074,2.043843532166699
openai/gpt-4.1-mini,380,32.89473684210527,17.337124061584472,1.8973583349382201
openai/gpt-4.1-mini,390,33.38461538461538,15.72620873451233,2.1228648270037502
openai/gpt-4.1-mini,400,31.95,14.086283493041993,2.268163921007404
openai/gpt-4.1-mini,410,30.82926829268293,15.736769771575927,1.9590594982438758
openai/gpt-4.1-mini,420,31.142857142857146,18.03812942504883,1.7265014796717393
openai/gpt-4.1-mini,430,32.325581395348834,16.883894538879396,1.914580864083881
openai/gpt-4.1-mini,440,29.0,13.816288280487061,2.098971837534478
openai/gpt-4.1-mini,450,30.8,18.304833078384398,1.6826157260276113
openai/gpt-4.1-mini,460,26.52173913043478,20.66331105232239,1.2835183607931002
openai/gpt-4.1-mini,470,27.829787234042556,19.162243795394897,1.4523240352849835
openai/gpt-4.1-mini,480,28.166666666666668,15.59369773864746,1.8062852787545272
openai/gpt-4.1-mini,490,28.53061224489796,15.45170874595642,1.846437356150929
openai/gpt-4.1-mini,500,27.160000000000004,14.77867612838745,1.8377830168312592
openai/gpt-4.1-nano,10,94.0,5.388702917098999,17.443900962089923
openai/gpt-4.1-nano,20,86.0,5.606558179855346,15.339179090123856
openai/gpt-4.1-nano,30,83.33333333333334,6.094181203842163,13.674246062915664
openai/gpt-4.1-nano,40,75.0,5.531809902191162,13.557949626991402
openai/gpt-4.1-nano,50,72.8,6.796433448791504,10.71150045807405
openai/gpt-4.1-nano,60,68.0,6.609598827362061,10.288067668872317
openai/gpt-4.1-nano,70,68.57142857142857,6.925248289108277,9.901656331842235
openai/gpt-4.1-nano,80,58.0,7.255721998214722,7.993691050218153
openai/gpt-4.1-nano,90,55.777777777777786,7.494979429244995,7.442018794626171
openai/gpt-4.1-nano,100,51.6,7.921268081665039,6.514108532626983
openai/gpt-4.1-nano,110,52.72727272727273,7.429267120361328,7.097237435811609
openai/gpt-4.1-nano,120,44.5,6.899249649047851,6.44997677481367
openai/gpt-4.1-nano,130,45.38461538461539,7.994977426528931,5.6766408412887035
openai/gpt-4.1-nano,140,40.57142857142857,8.032836151123046,5.050697886543647
openai/gpt-4.1-nano,150,42.13333333333334,8.283239841461182,5.086576525580953
openai/gpt-4.1-nano,160,42.5,8.58172779083252,4.952382671168022
openai/gpt-4.1-nano,170,34.588235294117645,7.646946811676026,4.523143176738892
openai/gpt-4.1-nano,180,33.88888888888889,8.181851625442505,4.141958378163092
openai/gpt-4.1-nano,190,31.57894736842105,11.696821212768555,2.6997888395480176
openai/gpt-4.1-nano,200,29.8,7.426280212402344,4.012776133902431
openai/gpt-4.1-nano,210,33.61904761904762,7.978401041030883,4.2137575494329536
openai/gpt-4.1-nano,220,31.181818181818187,7.61346402168274,4.095615096231365
openai/gpt-4.1-nano,230,25.043478260869566,6.7958471298217775,3.685115009572962
openai/gpt-4.1-nano,240,28.666666666666664,6.536806440353393,4.385423819451029
openai/gpt-4.1-nano,250,25.68,7.172329568862915,3.5804266596286998
openai/gpt-4.1-nano,260,26.615384615384613,8.992930841445922,2.9595896026156114
openai/gpt-4.1-nano,270,25.62962962962963,8.376905679702759,3.059558100520365
openai/gpt-4.1-nano,280,27.5,9.940542411804199,2.766448636378664
openai/gpt-4.1-nano,290,24.89655172413793,8.722740507125854,2.854212125627173
openai/gpt-4.1-nano,300,23.4,8.623224401474,2.713602118019815
openai/gpt-4.1-nano,310,24.0,9.388881254196168,2.5562150963698356
openai/gpt-4.1-nano,320,23.0625,8.439477252960206,2.7326929510842235
openai/gpt-4.1-nano,330,23.272727272727273,9.294616460800171,2.5038932344201035
openai/gpt-4.1-nano,340,24.23529411764706,9.771470594406129,2.4802094918569404
openai/gpt-4.1-nano,350,20.742857142857144,8.760961294174194,2.3676462486657246
openai/gpt-4.1-nano,360,18.833333333333332,8.653936624526978,2.176273544684383
openai/gpt-4.1-nano,370,21.18918918918919,9.851765727996826,2.15080116338674
openai/gpt-4.1-nano,380,20.57894736842105,9.01954207420349,2.281595584245707
openai/gpt-4.1-nano,390,19.846153846153847,9.419524478912354,2.1069167441078114
openai/gpt-4.1-nano,400,19.25,9.167434215545654,2.0998241762517216
openai/gpt-4.1-nano,410,17.024390243902438,8.947908878326416,1.9026110430269176
openai/gpt-4.1-nano,420,19.904761904761905,8.982007837295532,2.216070422707981
openai/gpt-4.1-nano,430,20.046511627906977,8.626374769210816,2.323862823518498
openai/gpt-4.1-nano,440,20.136363636363637,9.517631769180298,2.1156905546155493
openai/gpt-4.1-nano,450,18.622222222222224,7.591720008850098,2.452964835440881
openai/gpt-4.1-nano,460,17.956521739130437,8.01035189628601,2.2416645325476843
openai/gpt-4.1-nano,470,34.255319148936174,10.217322254180909,3.3526709148200706
openai/gpt-4.1-nano,480,15.708333333333332,8.25892972946167,1.901981715293905
openai/gpt-4.1-nano,490,17.714285714285715,9.73384232521057,1.8198656935715778
openai/gpt-4.1-nano,500,16.240000000000002,9.909220123291016,1.638877711660565
openai/gpt-4.5-preview,10,100.0,17.24753007888794,5.797931619345675
openai/gpt-4.5-preview,20,100.0,21.805294275283813,4.586042212388277
openai/gpt-4.5-preview,30,98.0,25.99387922286987,3.770118309766473
openai/gpt-4.5-preview,40,99.0,23.186079692840575,4.269803317831662
openai/gpt-4.5-preview,50,93.6,22.856181859970093,4.0951721758886315
openai/gpt-4.5-preview,60,94.33333333333333,26.157786321640014,3.6063194405442682
openai/gpt-4.5-preview,70,92.57142857142857,26.125757455825806,3.543301231665763
openai/gpt-4.5-preview,80,91.25,28.556024312973022,3.1954728361309406
openai/gpt-4.5-preview,90,91.33333333333333,29.548733615875243,3.0909390067486315
openai/gpt-4.5-preview,100,90.8,33.2278085231781,2.732650873940794
openai/gpt-4.5-preview,110,89.27272727272728,31.662887382507325,2.819475248553846
openai/gpt-4.5-preview,120,85.83333333333333,33.14793553352356,2.589402083472962
openai/gpt-4.5-preview,130,80.92307692307693,38.22394876480102,2.1170778932603613
openai/gpt-4.5-preview,140,80.14285714285714,31.521267652511597,2.5425010829623598
openai/gpt-4.5-preview,150,80.0,32.94759984016419,2.428097961250501
openai/gpt-4.5-preview,160,77.75,32.71602940559387,2.376510885110835
openai/gpt-4.5-preview,170,74.70588235294117,35.9199652671814,2.0797871545047646
openai/gpt-4.5-preview,180,72.33333333333334,38.71425881385803,1.868389982128268
openai/gpt-4.5-preview,190,72.42105263157895,41.30961284637451,1.7531283311926484
openai/gpt-4.5-preview,200,72.3,38.31831479072571,1.8868261925104017
openai/gpt-4.5-preview,210,66.95238095238095,37.45279655456543,1.7876470413854735
openai/gpt-4.5-preview,220,68.27272727272728,38.2259907245636,1.7860289812935044
openai/gpt-4.5-preview,230,64.34782608695653,34.719251775741576,1.8533759455011214
openai/gpt-4.5-preview,240,61.5,36.218727827072144,1.698016570146648
openai/gpt-4.5-preview,250,65.03999999999999,38.059837865829465,1.7088879944597348
openai/gpt-4.5-preview,260,60.38461538461538,38.27627711296081,1.5775989709346214
openai/gpt-4.5-preview,270,56.88888888888889,41.524954652786256,1.3699927998614139
openai/gpt-4.5-preview,280,55.71428571428571,37.979895401000974,1.4669415259320946
openai/gpt-4.5-preview,290,56.62068965517242,37.746043014526364,1.5000430544039345
openai/gpt-4.5-preview,300,54.46666666666666,37.212445211410525,1.46366803786292
openai/gpt-4.5-preview,310,55.61290322580645,39.136873197555545,1.4209848330264663
openai/gpt-4.5-preview,320,53.5,38.409018993377686,1.3929020163005006
openai/gpt-4.5-preview,330,49.87878787878788,39.38211779594421,1.266533916160412
openai/gpt-4.5-preview,340,54.882352941176464,43.370554494857785,1.2654288971030696
openai/gpt-4.5-preview,350,53.08571428571429,45.23783779144287,1.1734803624004309
openai/gpt-4.5-preview,360,49.666666666666664,36.43910479545593,1.363004578335861
openai/gpt-4.5-preview,370,45.13513513513514,43.5388105392456,1.0366644052999707
openai/gpt-4.5-preview,380,45.315789473684205,40.20383725166321,1.1271508535372334
openai/gpt-4.5-preview,390,47.48717948717949,39.4397292137146,1.2040442577548556
openai/gpt-4.5-preview,400,45.1,41.69407577514649,1.081688445217528
openai/gpt-4.5-preview,410,45.80487804878049,39.93503527641296,1.1469847899654784
openai/gpt-4.5-preview,420,45.04761904761905,40.171633052825925,1.1213788343725328
openai/gpt-4.5-preview,430,42.325581395348834,41.080929565429685,1.030297557603627
openai/gpt-4.5-preview,440,44.04545454545455,43.11506938934326,1.021579117679473
openai/gpt-4.5-preview,450,41.77777777777778,38.37887458801269,1.0885618253857476
openai/gpt-4.5-preview,460,41.826086956521735,44.06738719940186,0.9491392527372137
openai/gpt-4.5-preview,470,40.51063829787234,42.110022926330565,0.9620189086276142
openai/gpt-4.5-preview,480,39.75,39.16866164207458,1.0148419254974224
openai/gpt-4.5-preview,490,39.95918367346938,36.480169677734374,1.0953672646390793
openai/gpt-4.5-preview,500,43.04,44.94721236228943,0.9575677275174117
openai/gpt-4o,10,94.0,9.290441799163819,10.117925716779197
openai/gpt-4o,20,89.0,10.078083419799805,8.831044186947992
openai/gpt-4o,30,91.33333333333334,11.734774684906006,7.783134809636519
openai/gpt-4o,40,81.0,12.14952654838562,6.666926458197086
openai/gpt-4o,50,82.8,15.445470476150513,5.3607949416531016
openai/gpt-4o,60,75.66666666666666,13.570440292358398,5.575844632636941
openai/gpt-4o,70,67.42857142857142,12.776425790786742,5.277577041710296
openai/gpt-4o,80,61.0,13.439494180679322,4.538861297897199
openai/gpt-4o,90,56.0,11.958751153945922,4.6827632149133045
openai/gpt-4o,100,49.0,14.054726505279541,3.4863716474022852
openai/gpt-4o,110,47.63636363636364,13.83454270362854,3.4432915244729787
openai/gpt-4o,120,43.66666666666667,13.670841264724732,3.1941462724273624
openai/gpt-4o,130,42.0,13.018356990814208,3.2262135713158986
openai/gpt-4o,140,39.71428571428571,13.452365159988403,2.9522158551277347
openai/gpt-4o,150,37.733333333333334,13.337257575988769,2.8291673245679174
openai/gpt-4o,160,35.75,13.714675426483154,2.6066967600973223
openai/gpt-4o,170,30.0,14.152452039718629,2.119774009182683
openai/gpt-4o,180,30.0,13.774275016784667,2.1779730667090242
openai/gpt-4o,190,27.57894736842105,13.79508934020996,1.9991858470995085
openai/gpt-4o,200,31.0,12.482121849060059,2.4835521055528225
openai/gpt-4o,210,25.047619047619047,11.003740930557251,2.2762821485611426
openai/gpt-4o,220,27.45454545454545,12.781682443618774,2.147960221641406
openai/gpt-4o,230,26.347826086956523,11.812670850753785,2.2304715351715085
openai/gpt-4o,240,24.25,11.564605140686036,2.096915519811811
openai/gpt-4o,250,22.240000000000002,12.800384569168092,1.7374477993082202
openai/gpt-4o,260,22.769230769230766,13.07575249671936,1.741332345877872
openai/gpt-4o,270,22.518518518518515,13.706205654144288,1.6429432832645179
openai/gpt-4o,280,21.571428571428573,13.041562223434449,1.6540524978416131
openai/gpt-4o,290,20.96551724137931,15.12180027961731,1.386443204757753
openai/gpt-4o,300,19.6,11.415699338912964,1.7169337960039837
openai/gpt-4o,310,17.096774193548388,14.46751847267151,1.1817350864865612
openai/gpt-4o,320,21.5,14.942318487167359,1.4388663993786812
openai/gpt-4o,330,18.0,11.433925771713257,1.5742624501315863
openai/gpt-4o,340,17.411764705882355,11.984944295883178,1.4528031400081924
openai/gpt-4o,350,15.2,12.420916652679443,1.2237422104206015
openai/gpt-4o,360,17.11111111111111,12.739946937561035,1.3431069371774715
openai/gpt-4o,370,15.35135135135135,11.732993268966675,1.3083917291553466
openai/gpt-4o,380,15.842105263157896,13.675975561141968,1.1583894101252001
openai/gpt-4o,390,16.256410256410255,10.546165132522583,1.541452276930336
openai/gpt-4o,400,15.85,12.384968996047974,1.279777123790759
openai/gpt-4o,410,14.926829268292682,12.891935396194459,1.1578423882498587
openai/gpt-4o,420,15.142857142857144,12.16139817237854,1.2451575820657048
openai/gpt-4o,430,15.348837209302326,16.01858768463135,0.9581891682016637
openai/gpt-4o,440,16.18181818181818,12.548470973968506,1.2895450143198293
openai/gpt-4o,450,14.8,15.847854948043823,0.9338803294528409
openai/gpt-4o,460,14.478260869565219,13.002389049530029,1.1135077418782924
openai/gpt-4o,470,15.404255319148936,14.609269380569458,1.0544165432144623
openai/gpt-4o,480,13.875,13.974731302261352,0.9928634547524207
openai/gpt-4o,490,14.285714285714286,13.695575284957886,1.0430897562517554
openai/gpt-4o,500,15.36,13.195276546478272,1.1640529052874968
openai/gpt-4o-mini,10,94.0,11.074654531478881,8.487849416233436
openai/gpt-4o-mini,20,79.0,12.083569002151489,6.537803523605815
openai/gpt-4o-mini,30,76.0,11.622710037231446,6.538922485078476
openai/gpt-4o-mini,40,68.5,11.852467679977417,5.7793872001623985
openai/gpt-4o-mini,50,65.6,11.661006832122803,5.6255862760744115
openai/gpt-4o-mini,60,61.0,11.263444519042968,5.415750030718227
openai/gpt-4o-mini,70,53.42857142857142,11.237942552566528,4.754301882097571
openai/gpt-4o-mini,80,47.0,11.838747835159301,3.970014452070435
openai/gpt-4o-mini,90,45.11111111111111,10.139165019989013,4.449193895372657
openai/gpt-4o-mini,100,41.8,12.4659273147583,3.3531400388090944
openai/gpt-4o-mini,110,40.36363636363636,13.545760202407838,2.9797985318285414
openai/gpt-4o-mini,120,37.0,11.899222946166992,3.1094467401267183
openai/gpt-4o-mini,130,33.07692307692308,12.926239204406738,2.5588976463971584
openai/gpt-4o-mini,140,30.714285714285715,11.95738172531128,2.5686464160686606
openai/gpt-4o-mini,150,29.06666666666667,12.405145835876464,2.343113660349243
openai/gpt-4o-mini,160,26.875,11.802517461776734,2.2770565760259656
openai/gpt-4o-mini,170,28.0,12.68610701560974,2.207138877635758
openai/gpt-4o-mini,180,23.666666666666668,13.189346313476562,1.7943775304834195
openai/gpt-4o-mini,190,22.0,13.460667181015015,1.63439149814423
openai/gpt-4o-mini,200,21.6,13.053507661819458,1.6547276455950917
openai/gpt-4o-mini,210,19.333333333333336,13.23719139099121,1.4605313742378128
openai/gpt-4o-mini,220,21.545454545454543,14.957239818572997,1.4404699534669958
openai/gpt-4o-mini,230,20.0,14.139109325408935,1.4145162569794016
openai/gpt-4o-mini,240,19.583333333333332,12.340060997009278,1.5869721663514893
openai/gpt-4o-mini,250,18.32,13.291280841827392,1.3783472201074354
openai/gpt-4o-mini,260,17.384615384615387,12.280057191848755,1.4156786986427825
openai/gpt-4o-mini,270,17.851851851851855,12.407717037200928,1.4387700653011568
openai/gpt-4o-mini,280,16.214285714285715,10.987146759033203,1.4757503535624443
openai/gpt-4o-mini,290,16.89655172413793,12.615792798995972,1.3393174724209675
openai/gpt-4o-mini,300,16.6,14.042077016830444,1.1821612985104484
openai/gpt-4o-mini,310,14.64516129032258,12.28388171195984,1.1922258479633314
openai/gpt-4o-mini,320,15.625,12.811108589172363,1.2196446459915162
openai/gpt-4o-mini,330,13.393939393939394,12.354914283752441,1.0840981237363454
openai/gpt-4o-mini,340,15.88235294117647,12.524525690078736,1.2681001527872329
openai/gpt-4o-mini,350,13.542857142857144,11.34352774620056,1.1938840760885197
openai/gpt-4o-mini,360,16.0,12.027340698242188,1.330302383663117
openai/gpt-4o-mini,370,13.513513513513516,10.69658179283142,1.2633487758276136
openai/gpt-4o-mini,380,13.210526315789474,11.87496314048767,1.1124688270187721
openai/gpt-4o-mini,390,13.64102564102564,12.91660213470459,1.056084680689719
openai/gpt-4o-mini,400,14.4,12.704237127304078,1.1334801024023216
openai/gpt-4o-mini,410,13.75609756097561,12.326410865783691,1.115985643409025
openai/gpt-4o-mini,420,12.19047619047619,13.605237531661988,0.8960134773175861
openai/gpt-4o-mini,430,13.162790697674419,11.700560903549194,1.1249709143158837
openai/gpt-4o-mini,440,12.318181818181818,13.760516214370728,0.8951831185895036
openai/gpt-4o-mini,450,11.555555555555555,12.695290184020996,0.9102238222250347
openai/gpt-4o-mini,460,12.08695652173913,13.08847780227661,0.9234806907520388
openai/gpt-4o-mini,470,11.914893617021276,14.303267478942871,0.8330190031447195
openai/gpt-4o-mini,480,11.625,13.48872356414795,0.8618309912509741
openai/gpt-4o-mini,490,11.959183673469386,15.101177501678468,0.7919371633198898
openai/gpt-4o-mini,500,10.440000000000001,12.599868249893188,0.8285800925012453
openai/o3,10,98.0,13.857792377471924,7.071833473224408
openai/o3,20,100.0,15.610829591751099,6.405809467860753
openai/o3,30,98.66666666666667,18.478930711746216,5.3394142878596735
openai/o3,40,100.0,17.956003856658935,5.56916788380591
openai/o3,50,99.2,19.99426374435425,4.961422999534602
openai/o3,60,98.33333333333333,17.670351028442383,5.564877187502102
openai/o3,70,98.28571428571429,21.577714252471925,4.554964123433731
openai/o3,80,99.25,29.487521266937257,3.365830552576272
openai/o3,90,97.77777777777779,24.306782293319703,4.022654113483804
openai/o3,100,98.4,30.15257897377014,3.2634024467889993
openai/o3,110,98.36363636363636,34.95644965171814,2.8138909226670195
openai/o3,120,98.33333333333334,34.389630460739134,2.859389066294139
openai/o3,130,98.15384615384616,31.14154644012451,3.1518616566638853
openai/o3,140,95.42857142857143,47.203633546829224,2.021636138114236
openai/o3,150,97.6,56.383147382736205,1.7310136899147965
openai/o3,160,93.875,39.61554560661316,2.369650564255491
openai/o3,170,93.05882352941177,44.92695088386536,2.071336284760692
openai/o3,180,92.77777777777779,46.4110812664032,1.999043660397097
openai/o3,190,96.3157894736842,56.74067602157593,1.6974734216606733
openai/o3,200,90.4,61.324450397491454,1.4741265419265448
openai/o3,210,92.0,58.830180644989014,1.5638231770045787
openai/o3,220,93.0,63.77597002983093,1.4582294860666118
openai/o3,230,91.82608695652173,63.62013669013977,1.4433494131544908
openai/o3,240,91.25,62.30558052062988,1.4645558108520695
openai/o3,250,91.76,66.47097582817078,1.380452127515053
openai/o3,260,83.23076923076924,56.150208711624146,1.4822877980423057
openai/o3,270,88.44444444444444,59.6333526134491,1.4831372137963208
openai/o3,280,91.85714285714286,64.19413862228393,1.4309272595373088
openai/o3,290,86.41379310344828,66.87553782463074,1.2921584769912904
openai/o3,300,81.66666666666667,65.24977345466614,1.251600769516948
openai/o3,310,73.09677419354838,45.47633099555969,1.6073586543445106
openai/o3,320,77.3125,66.69233703613281,1.1592411277792434
openai/o3,330,76.48484848484848,107.79892973899841,0.709513987476803
openai/o3,340,77.94117647058823,70.41526660919189,1.106878951451899
openai/o3,350,75.94285714285715,78.77350039482117,0.9640660471125881
openai/o3,360,70.72222222222221,56.624212455749515,1.2489749376645187
openai/o3,370,71.29729729729729,87.88851966857911,0.811224236864541
openai/o3,380,66.89473684210526,43.2624653339386,1.5462534630366427
openai/o3,390,65.43589743589743,44.05770320892334,1.4852317000184476
openai/o3,400,61.95,88.42579102516174,0.7005874562362919
openai/o3,410,68.24390243902438,76.92992691993713,0.8870917362244148
openai/o3,420,70.85714285714286,103.08310232162475,0.6873788357287193
openai/o3,430,51.16279069767442,38.24816164970398,1.3376535888508614
openai/o3,440,53.090909090909086,28.387674427032472,1.8702098767327235
openai/o3,450,72.66666666666667,82.09404034614563,0.8851637263834392
openai/o3,460,70.34782608695653,78.38666086196899,0.897446393472889
openai/o3,470,40.5531914893617,36.23334636688232,1.1192229135763117
openai/o3,480,39.54166666666667,33.634687185287476,1.1756216565606423
openai/o3,490,43.51020408163266,39.30301866531372,1.1070448418261554
openai/o3,500,51.56,25.793955326080322,1.9989179382608133
openai/o3-high-reasoning,10,100.0,26.297775316238404,3.8026030262054826
openai/o3-high-reasoning,20,100.0,46.76800503730774,2.1382139332269587
openai/o3-high-reasoning,30,99.33333333333334,35.11245512962341,2.829005632520653
openai/o3-high-reasoning,40,99.5,60.601478242874144,1.641874140449697
openai/o3-high-reasoning,50,99.6,68.07818670272827,1.4630236911995846
openai/o3-high-reasoning,60,99.66666666666666,69.63668947219848,1.4312378635755976
openai/o3-high-reasoning,70,99.71428571428571,68.92360944747925,1.4467362709764842
openai/o3-high-reasoning,80,99.75,110.85120310783387,0.8998549154488217
openai/o3-high-reasoning,90,99.77777777777779,92.41955785751342,1.079617562460197
openai/o3-high-reasoning,100,98.2,100.40009660720825,0.9780867082646781
openai/o3-high-reasoning,110,98.54545454545455,115.00631380081177,0.8568699516457241
openai/o3-high-reasoning,120,98.66666666666667,108.08142266273498,0.9128920052667442
openai/o3-high-reasoning,130,98.0,110.46270604133606,0.8871772520521776
openai/o3-high-reasoning,140,98.71428571428571,140.54882345199584,0.7023487161954178
openai/o3-high-reasoning,150,98.93333333333334,152.01668167114258,0.6508057684574095
openai/o3-high-reasoning,160,97.5,144.82121362686158,0.6732439092190815
openai/o3-high-reasoning,170,97.88235294117646,162.05727944374084,0.6039984953292821
openai/o3-high-reasoning,180,98.88888888888889,128.48336415290834,0.7696629796461509
openai/o3-high-reasoning,190,97.78947368421052,215.6784469604492,0.4534040144592798
openai/o3-high-reasoning,200,93.9,154.9457764148712,0.6060184547953111
openai/o3-high-reasoning,210,97.23809523809524,191.7621238231659,0.5070766494418036
openai/o3-high-reasoning,220,95.18181818181817,204.61472778320314,0.4651757926373063
openai/o3-high-reasoning,230,92.26086956521739,203.67751955986023,0.4529752216375661
openai/o3-high-reasoning,240,96.66666666666667,218.4460856437683,0.4425195644123657
openai/o3-high-reasoning,250,97.84,219.57806391716002,0.44558185027495273
openai/o3-high-reasoning,260,97.15384615384615,226.86776885986328,0.42823996833969963
openai/o3-high-reasoning,270,94.37037037037037,200.37962527275084,0.4709579142186547
openai/o3-high-reasoning,280,91.14285714285714,195.68737773895265,0.4657574657903684
openai/o3-high-reasoning,290,91.86206896551724,173.36019291877747,0.529891363287513
openai/o3-high-reasoning,300,83.26666666666667,215.9866309642792,0.38551768827042665
openai/o3-high-reasoning,310,92.96774193548387,250.57536840438843,0.3710170817167027
openai/o3-high-reasoning,320,85.625,177.70232820510864,0.4818451219230476
openai/o3-high-reasoning,330,89.54545454545455,257.3246440887451,0.34798631457378976
openai/o3-high-reasoning,340,91.52941176470588,211.77412276268007,0.4322030027591061
openai/o3-high-reasoning,350,82.45714285714286,170.71378140449525,0.4830139791805443
openai/o3-high-reasoning,360,90.16666666666667,220.10322256088256,0.409656276803152
openai/o3-high-reasoning,370,87.94594594594595,219.20161485671997,0.4012103013174943
openai/o3-high-reasoning,380,89.05263157894737,167.11530647277831,0.5328813587368988
openai/o3-high-reasoning,390,78.78205128205127,215.76897501945496,0.3651222390751397
openai/o3-high-reasoning,400,80.4375,202.4799075126648,0.39726163938003956
openai/o3-high-reasoning,410,80.82926829268294,246.80579881668092,0.32750149583284394
openai/o3-high-reasoning,420,80.14285714285714,235.28611245155335,0.3406187314151785
openai/o3-high-reasoning,430,71.90697674418604,131.6682964324951,0.5461221774146061
openai/o3-high-reasoning,440,73.77272727272728,194.9493233203888,0.378420022271561
openai/o3-high-reasoning,450,69.55555555555556,174.3902145385742,0.398850106008501
openai/o3-high-reasoning,460,40.869565217391305,48.10016304254532,0.849676230436923
openai/o3-high-reasoning,470,73.82978723404256,156.0001079082489,0.47326753951648143
openai/o3-high-reasoning,480,50.052083333333336,74.56607556343079,0.671244704178588
openai/o3-high-reasoning,490,72.85714285714286,142.56689047813416,0.5110383105979095
openai/o3-high-reasoning,500,62.75,158.28252762556076,0.3964429993716288
openai/o4-mini,10,100.0,12.402773332595824,8.062712856098823
openai/o4-mini,20,100.0,20.113228273391723,4.971852287496405
openai/o4-mini,30,100.0,23.07696490287781,4.333325479362736
openai/o4-mini,40,99.5,26.80594038963318,3.7118638090563025
openai/o4-mini,50,99.6,26.227576160430907,3.7975297217996378
openai/o4-mini,60,99.66666666666666,41.06593942642212,2.4269910309793232
openai/o4-mini,70,99.71428571428571,57.339617586135866,1.7390120463306962
openai/o4-mini,80,99.0,64.68878221511841,1.5304044474168927
openai/o4-mini,90,98.66666666666666,72.75416598320007,1.3561651808289596
openai/o4-mini,100,97.8,65.04852375984191,1.5034929979514369
openai/o4-mini,110,96.9090909090909,77.98471388816833,1.2426677752265722
openai/o4-mini,120,94.83333333333334,65.204958152771,1.4543883781221818
openai/o4-mini,130,97.07692307692307,103.57933473587036,0.9372228864422755
openai/o4-mini,140,96.85714285714286,135.37273106575012,0.7154848845451721
openai/o4-mini,150,92.53333333333333,125.30262966156006,0.7384787819957493
openai/o4-mini,160,96.5,118.08515815734863,0.8172068489031756
openai/o4-mini,170,93.52941176470588,132.57796025276184,0.7054672706262087
openai/o4-mini,180,90.44444444444444,114.20372657775879,0.7919570328807337
openai/o4-mini,190,92.94736842105263,123.97360081672669,0.7497351678802899
openai/o4-mini,200,85.0,91.35642189979554,0.930421728789164
openai/o4-mini,210,88.76190476190476,203.328125667572,0.4365451384085672
openai/o4-mini,220,97.9090909090909,240.73162775039674,0.4067146964611074
openai/o4-mini,230,85.56521739130434,130.05047311782837,0.657938532171125
openai/o4-mini,240,94.83333333333333,441.92408561706543,0.21459190937944936
openai/o4-mini,250,86.8,436.18872981071473,0.19899642991158228
openai/o4-mini,260,79.61538461538461,232.748113822937,0.3420667231527039
openai/o4-mini,270,68.29629629629629,116.93876662254334,0.5840346898539137
openai/o4-mini,280,87.42857142857142,174.73252544403076,0.5003565947804949
openai/o4-mini,290,82.13793103448276,254.10366683006288,0.3232457526455697
openai/o4-mini,300,75.2,198.23034844398498,0.3793566453889863
openai/o4-mini,310,78.70967741935485,285.5100251197815,0.27568095861549297
openai/o4-mini,320,67.0625,129.78517475128174,0.5167192641880516
openai/o4-mini,330,70.6060606060606,150.2414078235626,0.469950738806824
openai/o4-mini,340,62.0,61.110988187789914,1.0145474952798703
openai/o4-mini,350,70.05714285714285,199.01936445236205,0.3520116901685311
openai/o4-mini,360,59.222222222222214,122.03781733512878,0.4852776255379242
openai/o4-mini,370,52.54054054054054,85.6389455318451,0.6135122310795289
openai/o4-mini,380,44.05263157894736,38.9746392250061,1.13028965642569
openai/o4-mini,390,55.333333333333336,121.98073916435241,0.4536235287013568
openai/o4-mini,400,55.8,111.75189323425293,0.4993203997272129
openai/o4-mini,410,56.78048780487804,184.74792861938477,0.30734032164364045
openai/o4-mini,420,48.714285714285715,101.47012457847595,0.4800850094217692
openai/o4-mini,430,58.93023255813953,233.09475984573365,0.25281663387517006
openai/o4-mini,440,62.68181818181817,295.0234577178955,0.21246384496569484
openai/o4-mini,450,51.24444444444445,110.30206718444825,0.46458281111588745
openai/o4-mini,460,39.78260869565217,84.92433423995972,0.46844769584232
openai/o4-mini,470,42.297872340425535,71.51457352638245,0.5914580798670557
openai/o4-mini,480,36.708333333333336,39.74090838432312,0.923691350442657
openai/o4-mini,490,29.428571428571427,188.17763676643372,0.156387187841551
openai/o4-mini,500,34.44,28.732569885253906,1.1986397366312593
qwen/qwen3-235b-a22b,10,100.0,38.193382835388185,2.6182545921893237
qwen/qwen3-235b-a22b,20,99.0,53.033961629867555,1.8667283558964862
qwen/qwen3-235b-a22b,30,94.0,41.851894807815555,2.2460153938465446
qwen/qwen3-235b-a22b,40,91.5,54.96903138160705,1.664573628099556
qwen/qwen3-235b-a22b,50,92.8,58.63945755958557,1.582552156211587
qwen/qwen3-235b-a22b,60,86.66666666666666,73.50774116516114,1.1790141458970878
qwen/qwen3-235b-a22b,70,87.71428571428571,59.09784507751465,1.4842213891088043
qwen/qwen3-235b-a22b,80,79.5,46.582704639434816,1.7066419954649625
qwen/qwen3-235b-a22b,90,78.0,69.40606031417846,1.123821171334601
qwen/qwen3-235b-a22b,100,77.6,54.94693298339844,1.412271728131685
qwen/qwen3-235b-a22b,110,74.18181818181819,44.203663969039916,1.678182564996758
qwen/qwen3-235b-a22b,120,75.66666666666666,64.17784509658813,1.179015383779056
qwen/qwen3-235b-a22b,130,68.92307692307693,78.8662265777588,0.8739238570660113
qwen/qwen3-235b-a22b,140,58.28571428571429,99.86140546798705,0.5836660721183137
qwen/qwen3-235b-a22b,150,63.733333333333334,55.74548363685608,1.143291423364674
qwen/qwen3-235b-a22b,160,52.625,56.426064014434814,0.9326363785809616
qwen/qwen3-235b-a22b,170,54.35294117647059,113.36330156326294,0.47945799413877044
qwen/qwen3-235b-a22b,180,50.333333333333336,61.78716778755188,0.8146243813343048
qwen/qwen3-235b-a22b,190,47.05263157894736,70.1292643070221,0.6709414684995626
qwen/qwen3-235b-a22b,200,48.4,86.7257682800293,0.5580809597871877
qwen/qwen3-235b-a22b,210,47.04761904761905,84.08318338394164,0.5595366059440168
qwen/qwen3-235b-a22b,220,41.90909090909091,58.872962427139285,0.7118563289720178
qwen/qwen3-235b-a22b,230,46.26086956521739,119.40803656578063,0.38741839239382153
qwen/qwen3-235b-a22b,240,38.416666666666664,60.16395583152771,0.6385329245012041
qwen/qwen3-235b-a22b,250,36.4,109.40232939720154,0.33271686444485427
qwen/qwen3-235b-a22b,260,35.15384615384615,86.18023552894593,0.4079107690769631
qwen/qwen3-235b-a22b,270,36.66666666666667,86.79679622650147,0.42244262761707
qwen/qwen3-235b-a22b,280,39.42857142857143,84.68427076339722,0.4655949808994931
qwen/qwen3-235b-a22b,290,36.689655172413794,94.02566137313843,0.3902089561147763
qwen/qwen3-235b-a22b,300,29.133333333333333,123.3466796875,0.2361906571554493
qwen/qwen3-235b-a22b,310,30.064516129032256,107.70093712806701,0.27914813863952354
qwen/qwen3-235b-a22b,320,34.75,132.5804412841797,0.2621050259254687
qwen/qwen3-235b-a22b,330,32.3030303030303,86.28762121200562,0.3743645942407301
qwen/qwen3-235b-a22b,340,25.0,59.16107387542725,0.42257515562752207
qwen/qwen3-235b-a22b,350,33.371428571428574,92.04505043029785,0.36255538364552764
qwen/qwen3-235b-a22b,360,26.888888888888893,65.0003023147583,0.4136732896822816
qwen/qwen3-235b-a22b,370,27.027027027027025,131.56333470344543,0.20542978093363295
qwen/qwen3-235b-a22b,380,27.157894736842103,64.18470201492309,0.4231209912064066
qwen/qwen3-235b-a22b,390,41.794871794871796,79.41184301376343,0.5263052739832272
qwen/qwen3-235b-a22b,400,26.9,69.98571038246155,0.38436417738700485
qwen/qwen3-235b-a22b,410,27.51219512195122,118.97907495498657,0.23123557762034985
qwen/qwen3-235b-a22b,420,29.333333333333332,96.04376797676086,0.3054163112429215
qwen/qwen3-235b-a22b,430,26.604651162790695,121.90496149063111,0.21824092175965595
qwen/qwen3-235b-a22b,440,22.454545454545457,83.90214037895203,0.2676278024985699
qwen/qwen3-235b-a22b,450,24.622222222222224,74.2727424621582,0.3315108801155039
qwen/qwen3-235b-a22b,460,20.782608695652176,105.6144588470459,0.1967780635580417
qwen/qwen3-235b-a22b,470,23.319148936170212,92.67297964096069,0.2516283497791339
qwen/qwen3-235b-a22b,480,23.625,78.81887497901917,0.2997378484060924
qwen/qwen3-235b-a22b,490,22.040816326530614,112.88692922592163,0.19524684104410467
qwen/qwen3-235b-a22b,500,20.919999999999998,84.58876323699951,0.24731417270384554
x-ai/grok-3-beta,10,100.0,8.997757387161254,11.113880459000626
x-ai/grok-3-beta,20,100.0,13.29215497970581,7.523234581050097
x-ai/grok-3-beta,30,100.0,14.360618782043456,6.963488239451087
x-ai/grok-3-beta,40,100.0,17.8350558757782,5.606935055124221
x-ai/grok-3-beta,50,100.0,17.56561346054077,5.69294093967393
x-ai/grok-3-beta,60,99.66666666666666,17.884924459457398,5.572663552065704
x-ai/grok-3-beta,70,99.71428571428571,21.755947303771972,4.583311603121855
x-ai/grok-3-beta,80,99.25,20.736922645568846,4.786148923654695
x-ai/grok-3-beta,90,98.66666666666666,22.778935718536378,4.331487119759356
x-ai/grok-3-beta,100,98.8,24.091546392440797,4.101023586887742
x-ai/grok-3-beta,110,97.27272727272728,23.6335853099823,4.1158684133990215
x-ai/grok-3-beta,120,97.66666666666667,26.673679494857787,3.6615370851065028
x-ai/grok-3-beta,130,96.76923076923077,26.443180656433107,3.659515548697381
x-ai/grok-3-beta,140,95.28571428571429,26.877524900436402,3.5451818810952775
x-ai/grok-3-beta,150,96.8,29.004730892181396,3.3373865925470008
x-ai/grok-3-beta,160,94.125,29.19577760696411,3.2239250917416302
x-ai/grok-3-beta,170,94.70588235294117,31.074395418167114,3.047714398896173
x-ai/grok-3-beta,180,91.11111111111111,28.792490243911743,3.1644053827673635
x-ai/grok-3-beta,190,91.6842105263158,29.97843952178955,3.058338325438053
x-ai/grok-3-beta,200,89.5,31.17739791870117,2.8706693301789348
x-ai/grok-3-beta,210,86.95238095238095,29.858037853240965,2.9121934060024857
x-ai/grok-3-beta,220,85.36363636363636,27.789683961868285,3.0717742771299013
x-ai/grok-3-beta,230,81.65217391304347,31.217334508895874,2.6156036444999935
x-ai/grok-3-beta,240,85.5,32.399156761169436,2.6389575701078805
x-ai/grok-3-beta,250,86.16,33.318269920349124,2.5859686053920163
x-ai/grok-3-beta,260,81.92307692307693,31.06732769012451,2.636952805860999
x-ai/grok-3-beta,270,80.44444444444443,32.582299613952635,2.4689615342557314
x-ai/grok-3-beta,280,80.07142857142858,31.487588930130006,2.5429520421237912
x-ai/grok-3-beta,290,75.58620689655172,30.244761276245118,2.4991503885970077
x-ai/grok-3-beta,300,78.93333333333332,33.17705721855164,2.3791541490062027
x-ai/grok-3-beta,310,75.93548387096774,30.469107389450073,2.492212289003924
x-ai/grok-3-beta,320,79.625,33.142713975906375,2.4024888262887782
x-ai/grok-3-beta,330,75.87878787878788,31.68732829093933,2.394609832110227
x-ai/grok-3-beta,340,77.0,32.844803428649904,2.3443586796696843
x-ai/grok-3-beta,350,73.54285714285713,31.47390260696411,2.336629748818775
x-ai/grok-3-beta,360,70.38888888888889,29.237803602218627,2.407461581127374
x-ai/grok-3-beta,370,68.97297297297297,30.248423385620118,2.2802171238373443
x-ai/grok-3-beta,380,64.3157894736842,29.91347532272339,2.1500607595676966
x-ai/grok-3-beta,390,70.71794871794872,35.01745781898499,2.0195055016132106
x-ai/grok-3-beta,400,67.35,33.20540685653687,2.0282841373088423
x-ai/grok-3-beta,410,68.09756097560975,34.38903260231018,1.9802115913849552
x-ai/grok-3-beta,420,70.52380952380953,36.35953197479248,1.9396236885750517
x-ai/grok-3-beta,430,68.13953488372093,33.67515354156494,2.023436501918749
x-ai/grok-3-beta,440,64.68181818181819,33.153682231903076,1.950969359282097
x-ai/grok-3-beta,450,68.57777777777778,36.44253063201904,1.8818061366332268
x-ai/grok-3-beta,460,67.04347826086956,36.55740466117859,1.833923356492127
x-ai/grok-3-beta,470,65.36170212765958,36.79190101623535,1.7765241893539856
x-ai/grok-3-beta,480,63.833333333333336,37.03938841819763,1.7233905865997428
x-ai/grok-3-beta,490,61.59183673469388,37.59088139533996,1.6384781215140447
x-ai/grok-3-beta,500,61.879999999999995,30.98573260307312,1.9970481509242362
x-ai/grok-3-mini-beta,10,100.0,8.317439556121826,12.022930773978118
x-ai/grok-3-mini-beta,20,98.0,9.520198583602905,10.293902920133421
x-ai/grok-3-mini-beta,30,100.0,10.415685796737671,9.600904054855544
x-ai/grok-3-mini-beta,40,99.0,9.195791864395142,10.765793904417798
x-ai/grok-3-mini-beta,50,99.2,9.923976659774782,9.995992876735693
x-ai/grok-3-mini-beta,60,96.66666666666666,9.856645202636718,9.807258421030278
x-ai/grok-3-mini-beta,70,97.14285714285714,11.829064273834229,8.212218218962269
x-ai/grok-3-mini-beta,80,95.25,11.531621313095092,8.259896628051417
x-ai/grok-3-mini-beta,90,93.55555555555556,12.101259803771972,7.7310591684342
x-ai/grok-3-mini-beta,100,92.8,11.183064460754395,8.298262102098251
x-ai/grok-3-mini-beta,110,86.72727272727272,11.663916397094727,7.435519063637573
x-ai/grok-3-mini-beta,120,89.5,11.926928567886353,7.504027503022169
x-ai/grok-3-mini-beta,130,82.76923076923077,11.121500730514526,7.442271755837176
x-ai/grok-3-mini-beta,140,82.42857142857143,12.408990716934204,6.642649133106648
x-ai/grok-3-mini-beta,150,80.93333333333332,11.499698543548584,7.037865647246686
x-ai/grok-3-mini-beta,160,76.125,11.96222825050354,6.363780928256037
x-ai/grok-3-mini-beta,170,76.94117647058823,11.356512212753296,6.775070992675352
x-ai/grok-3-mini-beta,180,66.88888888888889,11.190771579742432,5.9771471888472245
x-ai/grok-3-mini-beta,190,69.78947368421052,10.820855045318604,6.44953410723336
x-ai/grok-3-mini-beta,200,68.5,12.212989377975465,5.608782410269743
x-ai/grok-3-mini-beta,210,65.42857142857142,11.70447654724121,5.590046779494226
x-ai/grok-3-mini-beta,220,65.18181818181817,12.404545116424561,5.254672184271593
x-ai/grok-3-mini-beta,230,60.8695652173913,11.649986076354981,5.224861628026599
x-ai/grok-3-mini-beta,240,62.66666666666667,12.102919626235963,5.177813998766194
x-ai/grok-3-mini-beta,250,56.56,11.62036485671997,4.8673170504876
x-ai/grok-3-mini-beta,260,56.69230769230769,12.088200283050536,4.689888185572072
x-ai/grok-3-mini-beta,270,57.333333333333336,12.370926523208619,4.634522177928426
x-ai/grok-3-mini-beta,280,55.57142857142858,11.037143135070801,5.034946805650183
x-ai/grok-3-mini-beta,290,55.58620689655172,12.418111944198609,4.476220471061225
x-ai/grok-3-mini-beta,300,50.86666666666667,12.870824241638184,3.952090846063206
x-ai/grok-3-mini-beta,310,53.29032258064516,12.512655448913574,4.258913929039112
x-ai/grok-3-mini-beta,320,43.625,10.64289231300354,4.098979743194315
x-ai/grok-3-mini-beta,330,49.09090909090909,12.949760246276856,3.790873974290224
x-ai/grok-3-mini-beta,340,49.35294117647059,13.172548913955689,3.746650818975779
x-ai/grok-3-mini-beta,350,46.8,11.72429461479187,3.9917113598420775
x-ai/grok-3-mini-beta,360,45.833333333333336,12.580321407318115,3.643256149773055
x-ai/grok-3-mini-beta,370,41.13513513513514,10.839683389663696,3.7948650026402078
x-ai/grok-3-mini-beta,380,44.10526315789474,11.00906949043274,4.006266214980633
x-ai/grok-3-mini-beta,390,40.76923076923077,11.549113082885743,3.5300746019748797
x-ai/grok-3-mini-beta,400,39.9,11.470038032531738,3.4786283957240745
x-ai/grok-3-mini-beta,410,42.58536585365854,13.13954701423645,3.241007152493012
x-ai/grok-3-mini-beta,420,42.19047619047619,13.731457471847534,3.0725417368823242
x-ai/grok-3-mini-beta,430,41.16279069767442,13.00371503829956,3.165463913692244
x-ai/grok-3-mini-beta,440,39.81818181818182,12.619933700561523,3.1551815376343946
x-ai/grok-3-mini-beta,450,38.75555555555555,12.424453210830688,3.119296672289081
x-ai/grok-3-mini-beta,460,35.826086956521735,12.064086151123046,2.9696478048763506
x-ai/grok-3-mini-beta,470,37.191489361702125,12.427356338500976,2.9927112692890137
x-ai/grok-3-mini-beta,480,35.541666666666664,11.695023775100708,3.0390418480667525
x-ai/grok-3-mini-beta,490,35.10204081632653,12.124269962310791,2.8951879927982365
x-ai/grok-3-mini-beta,500,36.36,12.429412746429444,2.9253192199643556
