model,num_rules,omission_pct,modification_pct
anthropic/claude-3.5-haiku,10,0.0,20.0
anthropic/claude-3.5-haiku,20,30.0,10.0
anthropic/claude-3.5-haiku,30,56.666666666666664,23.333333333333332
anthropic/claude-3.5-haiku,40,85.87301587301587,14.126984126984127
anthropic/claude-3.5-haiku,50,82.84615384615384,17.153846153846153
anthropic/claude-3.5-haiku,60,88.59744469870328,11.402555301296719
anthropic/claude-3.5-haiku,70,88.12472357363998,11.875276426360017
anthropic/claude-3.5-haiku,80,93.66463323910132,6.335366760898676
anthropic/claude-3.5-haiku,90,93.31122061887595,6.688779381124047
anthropic/claude-3.5-haiku,100,92.91441953830713,7.0855804616928735
anthropic/claude-3.5-haiku,110,94.4168137027292,5.583186297270804
anthropic/claude-3.5-haiku,120,94.73704139969844,5.262958600301557
anthropic/claude-3.5-haiku,130,93.0730405674226,6.92695943257741
anthropic/claude-3.5-haiku,140,94.8765072725052,5.123492727494803
anthropic/claude-3.5-haiku,150,95.86177159962813,4.138228400371864
anthropic/claude-3.5-haiku,160,94.9867599176773,5.013240082322689
anthropic/claude-3.5-haiku,170,94.0515887218643,5.948411278135688
anthropic/claude-3.5-haiku,180,95.12196098690086,4.8780390130991425
anthropic/claude-3.5-haiku,190,95.59972172645436,4.400278273545644
anthropic/claude-3.5-haiku,200,96.24145977799284,3.7585402220071424
anthropic/claude-3.5-haiku,210,97.41891300113619,2.581086998863822
anthropic/claude-3.5-haiku,220,95.69583224531466,4.304167754685343
anthropic/claude-3.5-haiku,230,96.34081841180196,3.6591815881980283
anthropic/claude-3.5-haiku,240,95.6720835086268,4.327916491373209
anthropic/claude-3.5-haiku,250,95.7787247534068,4.221275246593193
anthropic/claude-3.5-haiku,260,95.77862354912097,4.221376450879024
anthropic/claude-3.5-haiku,270,95.81955115434732,4.180448845652674
anthropic/claude-3.5-haiku,280,96.68125375118566,3.3187462488143296
anthropic/claude-3.5-haiku,290,96.24294247577247,3.7570575242275366
anthropic/claude-3.5-haiku,300,96.11199307074963,3.8880069292503654
anthropic/claude-3.5-haiku,310,96.40455179653684,3.5954482034631616
anthropic/claude-3.5-haiku,320,96.41237103935309,3.5876289606469043
anthropic/claude-3.5-haiku,330,95.84806129217478,4.151938707825228
anthropic/claude-3.5-haiku,340,96.711485851955,3.2885141480449995
anthropic/claude-3.5-haiku,350,96.60923334428404,3.390766655715973
anthropic/claude-3.5-haiku,360,96.66367814675729,3.336321853242705
anthropic/claude-3.5-haiku,370,97.1865107619107,2.813489238089301
anthropic/claude-3.5-haiku,380,96.67713244039767,3.3228675596023387
anthropic/claude-3.5-haiku,390,97.17982742732679,2.820172572673201
anthropic/claude-3.5-haiku,400,97.22870458137572,2.7712954186242804
anthropic/claude-3.5-haiku,410,96.63999506468033,3.360004935319666
anthropic/claude-3.5-haiku,420,97.10664850185688,2.8933514981431228
anthropic/claude-3.5-haiku,430,97.48718829631504,2.512811703684963
anthropic/claude-3.5-haiku,440,97.08116522165191,2.9188347783480806
anthropic/claude-3.5-haiku,450,96.50199772592586,3.498002274074131
anthropic/claude-3.5-haiku,460,96.71199394577481,3.2880060542251948
anthropic/claude-3.5-haiku,470,96.4288709774351,3.5711290225649015
anthropic/claude-3.5-haiku,480,96.90509292207689,3.0949070779231116
anthropic/claude-3.5-haiku,490,96.95203747447236,3.047962525527642
anthropic/claude-3.5-haiku,500,96.94075182235147,3.0592481776485196
anthropic/claude-3.7-sonnet,10,0.0,0.0
anthropic/claude-3.7-sonnet,20,0.0,20.0
anthropic/claude-3.7-sonnet,30,0.0,0.0
anthropic/claude-3.7-sonnet,40,0.0,20.0
anthropic/claude-3.7-sonnet,50,0.0,20.0
anthropic/claude-3.7-sonnet,60,50.0,30.0
anthropic/claude-3.7-sonnet,70,40.0,60.0
anthropic/claude-3.7-sonnet,80,48.57142857142857,31.428571428571427
anthropic/claude-3.7-sonnet,90,84.28571428571429,15.714285714285714
anthropic/claude-3.7-sonnet,100,80.61904761904762,19.38095238095238
anthropic/claude-3.7-sonnet,110,76.23504273504274,23.764957264957264
anthropic/claude-3.7-sonnet,120,75.18300653594771,24.816993464052285
anthropic/claude-3.7-sonnet,130,82.46753246753246,17.53246753246753
anthropic/claude-3.7-sonnet,140,83.43101343101344,16.568986568986567
anthropic/claude-3.7-sonnet,150,71.76602564102564,28.233974358974358
anthropic/claude-3.7-sonnet,160,79.4017094017094,20.598290598290596
anthropic/claude-3.7-sonnet,170,74.76530136530137,25.234698634698635
anthropic/claude-3.7-sonnet,180,79.68229771583431,20.317702284165698
anthropic/claude-3.7-sonnet,190,80.94113853189951,19.058861468100492
anthropic/claude-3.7-sonnet,200,85.16957026713125,14.830429732868756
anthropic/claude-3.7-sonnet,210,82.99331550802138,17.00668449197861
anthropic/claude-3.7-sonnet,220,81.60157093957936,18.398429060420646
anthropic/claude-3.7-sonnet,230,81.76815541857522,18.231844581424774
anthropic/claude-3.7-sonnet,240,82.50351422259044,17.496485777409553
anthropic/claude-3.7-sonnet,250,83.18612230681197,16.81387769318804
anthropic/claude-3.7-sonnet,260,79.69617236283902,20.30382763716097
anthropic/claude-3.7-sonnet,270,82.5222480853272,17.477751914672798
anthropic/claude-3.7-sonnet,280,84.58350471288902,15.416495287110981
anthropic/claude-3.7-sonnet,290,82.77372694240164,17.22627305759836
anthropic/claude-3.7-sonnet,300,82.37459806103712,17.62540193896288
anthropic/claude-3.7-sonnet,310,84.41474704325927,15.585252956740732
anthropic/claude-3.7-sonnet,320,84.7441200706895,15.255879929310492
anthropic/claude-3.7-sonnet,330,83.92698707378933,16.07301292621066
anthropic/claude-3.7-sonnet,340,84.32390908370951,15.676090916290487
anthropic/claude-3.7-sonnet,350,85.62972044041548,14.370279559584514
anthropic/claude-3.7-sonnet,360,85.32770362710457,14.672296372895437
anthropic/claude-3.7-sonnet,370,82.88095733371605,17.119042666283946
anthropic/claude-3.7-sonnet,380,83.07447072396542,16.92552927603458
anthropic/claude-3.7-sonnet,390,83.25790750290771,16.742092497092287
anthropic/claude-3.7-sonnet,400,83.45971432271233,16.54028567728767
anthropic/claude-3.7-sonnet,410,84.59550513579123,15.404494864208786
anthropic/claude-3.7-sonnet,420,85.09573403009203,14.904265969907962
anthropic/claude-3.7-sonnet,430,85.42755048256731,14.572449517432679
anthropic/claude-3.7-sonnet,440,83.88010057923518,16.11989942076481
anthropic/claude-3.7-sonnet,450,84.15580806401057,15.844191935989434
anthropic/claude-3.7-sonnet,460,85.62491224755202,14.375087752447977
anthropic/claude-3.7-sonnet,470,85.64238806233564,14.357611937664354
anthropic/claude-3.7-sonnet,480,84.26348897149123,15.736511028508776
anthropic/claude-3.7-sonnet,490,83.77992714548164,16.22007285451837
anthropic/claude-3.7-sonnet,500,85.81200121572792,14.187998784272077
anthropic/claude-opus-4,10,0.0,0.0
anthropic/claude-opus-4,20,0.0,0.0
anthropic/claude-opus-4,30,0.0,0.0
anthropic/claude-opus-4,40,40.0,0.0
anthropic/claude-opus-4,50,0.0,0.0
anthropic/claude-opus-4,60,40.0,0.0
anthropic/claude-opus-4,70,20.0,40.0
anthropic/claude-opus-4,80,34.28571428571429,25.71428571428571
anthropic/claude-opus-4,90,38.57142857142857,41.42857142857143
anthropic/claude-opus-4,100,62.256410256410255,37.743589743589745
anthropic/claude-opus-4,110,76.61697722567287,23.383022774327124
anthropic/claude-opus-4,120,55.47619047619047,44.52380952380952
anthropic/claude-opus-4,130,73.05555555555556,26.944444444444446
anthropic/claude-opus-4,140,84.72222222222223,15.277777777777777
anthropic/claude-opus-4,150,65.21212121212122,34.78787878787879
anthropic/claude-opus-4,160,70.05961222872988,29.94038777127012
anthropic/claude-opus-4,170,83.4715821812596,16.528417818740397
anthropic/claude-opus-4,180,83.77807993928661,16.22192006071338
anthropic/claude-opus-4,190,74.73647338576916,25.26352661423084
anthropic/claude-opus-4,200,77.5465112855817,22.453488714418306
anthropic/claude-opus-4,210,79.72880861809139,20.271191381908597
anthropic/claude-opus-4,220,80.24825917065873,19.75174082934127
anthropic/claude-opus-4,230,79.06325457865324,20.93674542134676
anthropic/claude-opus-4,240,78.21102610360592,21.78897389639409
anthropic/claude-opus-4,250,81.5818316516765,18.418168348323498
anthropic/claude-opus-4,260,79.46976177005779,20.530238229942217
anthropic/claude-opus-4,270,82.94186700959747,17.05813299040252
anthropic/claude-opus-4,280,81.21025429527069,18.78974570472932
anthropic/claude-opus-4,290,86.15381461504793,13.846185384952062
anthropic/claude-opus-4,300,82.24105448224036,17.758945517759635
anthropic/claude-opus-4,310,79.28552876802374,20.71447123197626
anthropic/claude-opus-4,320,84.07240599513291,15.927594004867084
anthropic/claude-opus-4,330,81.28144979861199,18.71855020138801
anthropic/claude-opus-4,340,85.08340075316976,14.916599246830236
anthropic/claude-opus-4,350,81.88477646405929,18.115223535940704
anthropic/claude-opus-4,360,85.87535626881318,14.124643731186827
anthropic/claude-opus-4,370,86.18502836317725,13.81497163682275
anthropic/claude-opus-4,380,82.82780556233902,17.17219443766097
anthropic/claude-opus-4,390,81.18410860482808,18.81589139517192
anthropic/claude-opus-4,400,84.30983085711479,15.690169142885214
anthropic/claude-opus-4,410,83.80036327061478,16.19963672938521
anthropic/claude-opus-4,420,83.69525243259345,16.304747567406544
anthropic/claude-opus-4,430,88.24772744268742,11.752272557312581
anthropic/claude-opus-4,440,86.54763350968477,13.452366490315233
anthropic/claude-opus-4,450,84.41030924104234,15.589690758957653
anthropic/claude-opus-4,460,84.25736519217762,15.742634807822395
anthropic/claude-opus-4,470,86.31921066924473,13.680789330755271
anthropic/claude-opus-4,480,83.26128885491755,16.73871114508244
anthropic/claude-opus-4,490,79.67539558147058,20.32460441852941
anthropic/claude-opus-4,500,85.28089045760123,14.719109542398769
anthropic/claude-opus-4-high-reasoning,10,20.0,0.0
anthropic/claude-opus-4-high-reasoning,20,0.0,0.0
anthropic/claude-opus-4-high-reasoning,30,0.0,0.0
anthropic/claude-opus-4-high-reasoning,40,37.5,2.5
anthropic/claude-opus-4-high-reasoning,50,0.0,20.0
anthropic/claude-opus-4-high-reasoning,60,40.0,0.0
anthropic/claude-opus-4-high-reasoning,70,0.0,20.0
anthropic/claude-opus-4-high-reasoning,80,68.94358974358974,31.056410256410253
anthropic/claude-opus-4-high-reasoning,90,68.53333333333333,11.466666666666665
anthropic/claude-opus-4-high-reasoning,100,67.73333333333332,32.266666666666666
anthropic/claude-opus-4-high-reasoning,110,64.44444444444444,35.55555555555556
anthropic/claude-opus-4-high-reasoning,120,65.33333333333333,14.666666666666666
anthropic/claude-opus-4-high-reasoning,130,76.83333333333333,23.166666666666664
anthropic/claude-opus-4-high-reasoning,140,89.14285714285714,10.857142857142858
anthropic/claude-opus-4-high-reasoning,150,68.38935574229691,31.610644257703076
anthropic/claude-opus-4-high-reasoning,160,75.03703703703704,24.962962962962962
anthropic/claude-opus-4-high-reasoning,170,76.9060066740823,23.093993325917687
anthropic/claude-opus-4-high-reasoning,180,75.05555555555556,24.944444444444443
anthropic/claude-opus-4-high-reasoning,190,75.44840436924395,24.551595630756047
anthropic/claude-opus-4-high-reasoning,200,76.736951928665,23.263048071335003
anthropic/claude-opus-4-high-reasoning,210,78.82452415360169,21.175475846398314
anthropic/claude-opus-4-high-reasoning,220,78.46382783882784,21.53617216117216
anthropic/claude-opus-4-high-reasoning,230,79.6419219310977,20.358078068902298
anthropic/claude-opus-4-high-reasoning,240,75.93868092691622,24.06131907308378
anthropic/claude-opus-4-high-reasoning,250,82.13155226058453,17.86844773941548
anthropic/claude-opus-4-high-reasoning,260,79.33858036056189,20.661419639438115
anthropic/claude-opus-4-high-reasoning,270,85.47111777944487,14.528882220555138
anthropic/claude-opus-4-high-reasoning,280,79.31332989487885,20.686670105121145
anthropic/claude-opus-4-high-reasoning,290,85.71794871794872,14.282051282051281
anthropic/claude-opus-4-high-reasoning,300,80.3492950313707,19.65070496862929
anthropic/claude-opus-4-high-reasoning,310,81.1646302454368,18.835369754563207
anthropic/claude-opus-4-high-reasoning,320,78.66310500980877,21.33689499019123
anthropic/claude-opus-4-high-reasoning,330,81.20739434590371,18.7926056540963
anthropic/claude-opus-4-high-reasoning,340,80.74517632933296,19.25482367066704
anthropic/claude-opus-4-high-reasoning,350,81.51477462279252,18.48522537720749
anthropic/claude-opus-4-high-reasoning,360,81.48716349111452,18.512836508885478
anthropic/claude-opus-4-high-reasoning,370,80.21275838318893,19.787241616811077
anthropic/claude-opus-4-high-reasoning,380,83.0993169077145,16.90068309228551
anthropic/claude-opus-4-high-reasoning,390,78.71869197059246,21.281308029407533
anthropic/claude-opus-4-high-reasoning,400,82.12180132782778,17.878198672172225
anthropic/claude-opus-4-high-reasoning,410,82.95290279412322,17.04709720587677
anthropic/claude-opus-4-high-reasoning,420,79.74541215352617,20.25458784647383
anthropic/claude-opus-4-high-reasoning,430,80.2965182126027,19.7034817873973
anthropic/claude-opus-4-high-reasoning,440,83.78913890177864,16.21086109822136
anthropic/claude-opus-4-high-reasoning,450,84.61301807341928,15.386981926580722
anthropic/claude-opus-4-high-reasoning,460,77.2939145792025,22.706085420797503
anthropic/claude-opus-4-high-reasoning,470,81.02868509743304,18.971314902566963
anthropic/claude-opus-4-high-reasoning,480,80.36343312778351,19.6365668722165
anthropic/claude-opus-4-high-reasoning,490,78.18174744645333,21.81825255354667
anthropic/claude-opus-4-high-reasoning,500,80.363589410027,19.636410589972996
anthropic/claude-sonnet-4,10,0.0,0.0
anthropic/claude-sonnet-4,20,0.0,0.0
anthropic/claude-sonnet-4,30,0.0,0.0
anthropic/claude-sonnet-4,40,20.0,20.0
anthropic/claude-sonnet-4,50,30.0,50.0
anthropic/claude-sonnet-4,60,70.0,10.0
anthropic/claude-sonnet-4,70,20.0,40.0
anthropic/claude-sonnet-4,80,28.333333333333332,51.666666666666664
anthropic/claude-sonnet-4,90,69.80952380952381,30.190476190476186
anthropic/claude-sonnet-4,100,58.25396825396825,41.74603174603175
anthropic/claude-sonnet-4,110,62.878787878787875,37.12121212121212
anthropic/claude-sonnet-4,120,71.46520146520146,28.53479853479853
anthropic/claude-sonnet-4,130,71.32976827094474,28.670231729055256
anthropic/claude-sonnet-4,140,85.22529644268775,14.774703557312254
anthropic/claude-sonnet-4,150,71.96298438403701,28.03701561596298
anthropic/claude-sonnet-4,160,69.73193473193473,30.26806526806527
anthropic/claude-sonnet-4,170,72.57142857142858,27.428571428571427
anthropic/claude-sonnet-4,180,78.95453205798034,21.045467942019666
anthropic/claude-sonnet-4,190,79.527950310559,20.472049689440993
anthropic/claude-sonnet-4,200,75.57865211651001,24.421347883489982
anthropic/claude-sonnet-4,210,77.57126618763448,22.42873381236553
anthropic/claude-sonnet-4,220,73.75620733600914,26.24379266399086
anthropic/claude-sonnet-4,230,77.36239864525221,22.637601354747787
anthropic/claude-sonnet-4,240,80.47435897435898,19.52564102564103
anthropic/claude-sonnet-4,250,73.47850628467282,26.521493715327175
anthropic/claude-sonnet-4,260,79.12161099856284,20.878389001437153
anthropic/claude-sonnet-4,270,79.81449634117212,20.185503658827873
anthropic/claude-sonnet-4,280,86.08404805101983,13.915951948980155
anthropic/claude-sonnet-4,290,78.63003901330822,21.36996098669179
anthropic/claude-sonnet-4,300,82.25051432078759,17.749485679212416
anthropic/claude-sonnet-4,310,78.68872883051885,21.31127116948115
anthropic/claude-sonnet-4,320,82.7061551918465,17.293844808153487
anthropic/claude-sonnet-4,330,84.34738680939833,15.652613190601667
anthropic/claude-sonnet-4,340,82.5952430732497,17.404756926750288
anthropic/claude-sonnet-4,350,82.45531879997384,17.54468120002617
anthropic/claude-sonnet-4,360,86.71322699597165,13.286773004028348
anthropic/claude-sonnet-4,370,85.19176468921304,14.808235310786966
anthropic/claude-sonnet-4,380,86.26886947140224,13.73113052859775
anthropic/claude-sonnet-4,390,86.01687643275002,13.983123567249967
anthropic/claude-sonnet-4,400,85.41427566461189,14.585724335388102
anthropic/claude-sonnet-4,410,85.80181284883464,14.198187151165357
anthropic/claude-sonnet-4,420,86.31960930506527,13.680390694934733
anthropic/claude-sonnet-4,430,85.98098471423953,14.019015285760478
anthropic/claude-sonnet-4,440,84.65229065858907,15.347709341410933
anthropic/claude-sonnet-4,450,87.32602875627093,12.673971243729067
anthropic/claude-sonnet-4,460,85.40690642987379,14.593093570126214
anthropic/claude-sonnet-4,470,86.93437082869195,13.065629171308037
anthropic/claude-sonnet-4,480,86.04140053113255,13.958599468867437
anthropic/claude-sonnet-4,490,84.50195458991558,15.498045410084407
anthropic/claude-sonnet-4,500,85.81619640913382,14.183803590866177
anthropic/claude-sonnet-4-high-reasoning,10,0.0,0.0
anthropic/claude-sonnet-4-high-reasoning,20,0.0,20.0
anthropic/claude-sonnet-4-high-reasoning,30,0.0,0.0
anthropic/claude-sonnet-4-high-reasoning,40,0.0,40.0
anthropic/claude-sonnet-4-high-reasoning,50,0.0,0.0
anthropic/claude-sonnet-4-high-reasoning,60,50.0,30.0
anthropic/claude-sonnet-4-high-reasoning,70,31.666666666666664,48.33333333333333
anthropic/claude-sonnet-4-high-reasoning,80,30.0,70.0
anthropic/claude-sonnet-4-high-reasoning,90,71.9047619047619,28.095238095238095
anthropic/claude-sonnet-4-high-reasoning,100,65.0,35.0
anthropic/claude-sonnet-4-high-reasoning,110,60.51282051282051,19.487179487179485
anthropic/claude-sonnet-4-high-reasoning,120,47.25252525252525,32.74747474747475
anthropic/claude-sonnet-4-high-reasoning,130,76.28571428571429,23.714285714285715
anthropic/claude-sonnet-4-high-reasoning,140,72.99273275743863,27.007267242561362
anthropic/claude-sonnet-4-high-reasoning,150,84.14289958407605,15.857100415923947
anthropic/claude-sonnet-4-high-reasoning,160,74.30481283422459,25.6951871657754
anthropic/claude-sonnet-4-high-reasoning,170,80.00897435897436,19.99102564102564
anthropic/claude-sonnet-4-high-reasoning,180,75.93236714975845,24.067632850241544
anthropic/claude-sonnet-4-high-reasoning,190,76.50566633976244,23.49433366023755
anthropic/claude-sonnet-4-high-reasoning,200,68.04545454545455,31.95454545454545
anthropic/claude-sonnet-4-high-reasoning,210,66.19124423963133,33.80875576036866
anthropic/claude-sonnet-4-high-reasoning,220,73.50434932436615,26.495650675633858
anthropic/claude-sonnet-4-high-reasoning,230,72.56258292790801,27.437417072091996
anthropic/claude-sonnet-4-high-reasoning,240,76.00070806100219,23.99929193899782
anthropic/claude-sonnet-4-high-reasoning,250,77.6587107453675,22.3412892546325
anthropic/claude-sonnet-4-high-reasoning,260,76.90377332219438,23.096226677805625
anthropic/claude-sonnet-4-high-reasoning,270,75.32472092110646,24.67527907889354
anthropic/claude-sonnet-4-high-reasoning,280,76.01421948486549,23.985780515134508
anthropic/claude-sonnet-4-high-reasoning,290,76.74185195976905,23.258148040230946
anthropic/claude-sonnet-4-high-reasoning,300,79.5528765909824,20.4471234090176
anthropic/claude-sonnet-4-high-reasoning,310,81.54318100990358,18.45681899009643
anthropic/claude-sonnet-4-high-reasoning,320,81.10484472402852,18.895155275971486
anthropic/claude-sonnet-4-high-reasoning,330,79.44900346301208,20.550996536987917
anthropic/claude-sonnet-4-high-reasoning,340,80.90992842269615,19.090071577303846
anthropic/claude-sonnet-4-high-reasoning,350,78.41858839972048,21.581411600279527
anthropic/claude-sonnet-4-high-reasoning,360,79.84632509497321,20.153674905026786
anthropic/claude-sonnet-4-high-reasoning,370,80.24380367517134,19.756196324828665
anthropic/claude-sonnet-4-high-reasoning,380,80.03963496247766,19.960365037522344
anthropic/claude-sonnet-4-high-reasoning,390,77.80392289612776,22.196077103872252
anthropic/claude-sonnet-4-high-reasoning,400,83.9354780979044,16.064521902095596
anthropic/claude-sonnet-4-high-reasoning,410,81.51784099566135,18.482159004338662
anthropic/claude-sonnet-4-high-reasoning,420,81.85234256712748,18.147657432872517
anthropic/claude-sonnet-4-high-reasoning,430,82.10257277145932,17.897427228540675
anthropic/claude-sonnet-4-high-reasoning,440,83.45349711517491,16.546502884825085
anthropic/claude-sonnet-4-high-reasoning,450,82.98000255871719,17.019997441282822
anthropic/claude-sonnet-4-high-reasoning,460,79.93206544271611,20.067934557283884
anthropic/claude-sonnet-4-high-reasoning,470,84.30365155772132,15.696348442278676
anthropic/claude-sonnet-4-high-reasoning,480,83.16554645025008,16.834453549749917
anthropic/claude-sonnet-4-high-reasoning,490,83.44884482380441,16.5511551761956
anthropic/claude-sonnet-4-high-reasoning,500,87.51298510977685,12.487014890223147
deepseek/deepseek-r1-0528,10,0.0,20.0
deepseek/deepseek-r1-0528,20,0.0,0.0
deepseek/deepseek-r1-0528,30,6.666666666666666,13.333333333333332
deepseek/deepseek-r1-0528,40,60.0,20.0
deepseek/deepseek-r1-0528,50,40.0,60.0
deepseek/deepseek-r1-0528,60,67.93650793650792,32.06349206349206
deepseek/deepseek-r1-0528,70,65.5,34.5
deepseek/deepseek-r1-0528,80,66.94139194139194,33.05860805860806
deepseek/deepseek-r1-0528,90,70.71665589312649,29.283344106873518
deepseek/deepseek-r1-0528,100,60.30910609857979,39.69089390142021
deepseek/deepseek-r1-0528,110,70.77798861480076,29.222011385199238
deepseek/deepseek-r1-0528,120,74.54906204906204,25.450937950937952
deepseek/deepseek-r1-0528,130,78.96809109712335,21.031908902876644
deepseek/deepseek-r1-0528,140,89.01098901098901,10.989010989010989
deepseek/deepseek-r1-0528,150,82.42445005409304,17.57554994590696
deepseek/deepseek-r1-0528,160,83.33090612618216,16.669093873817832
deepseek/deepseek-r1-0528,170,65.81680672268908,14.183193277310924
deepseek/deepseek-r1-0528,180,82.31324905167381,17.6867509483262
deepseek/deepseek-r1-0528,190,87.04908749786799,12.950912502132013
deepseek/deepseek-r1-0528,200,85.61195129842679,14.388048701573215
deepseek/deepseek-r1-0528,210,85.48117727382416,14.518822726175832
deepseek/deepseek-r1-0528,220,85.61959736386436,14.380402636135633
deepseek/deepseek-r1-0528,230,88.42487417433236,11.575125825667651
deepseek/deepseek-r1-0528,240,83.92149600159146,16.078503998408543
deepseek/deepseek-r1-0528,250,84.84510608167328,15.15489391832672
deepseek/deepseek-r1-0528,260,88.14631278853062,11.85368721146938
deepseek/deepseek-r1-0528,270,89.70952770858386,10.290472291416133
deepseek/deepseek-r1-0528,280,89.34569136565354,10.654308634346464
deepseek/deepseek-r1-0528,290,89.42835337820442,10.57164662179558
deepseek/deepseek-r1-0528,300,88.59142132896089,11.408578671039104
deepseek/deepseek-r1-0528,310,87.47676823118695,12.523231768813051
deepseek/deepseek-r1-0528,320,86.32505019320006,13.674949806799935
deepseek/deepseek-r1-0528,330,89.89797531568632,10.10202468431368
deepseek/deepseek-r1-0528,340,89.84521325341788,10.154786746582108
deepseek/deepseek-r1-0528,350,90.76472015008778,9.23527984991222
deepseek/deepseek-r1-0528,360,88.63578813390758,11.36421186609242
deepseek/deepseek-r1-0528,370,90.61726474439659,9.382735255603404
deepseek/deepseek-r1-0528,380,88.54906511815722,11.450934881842779
deepseek/deepseek-r1-0528,390,89.7823894034439,10.2176105965561
deepseek/deepseek-r1-0528,400,88.41075038316708,11.589249616832923
deepseek/deepseek-r1-0528,410,88.41758653776009,11.582413462239913
deepseek/deepseek-r1-0528,420,90.11313213407297,9.88686786592704
deepseek/deepseek-r1-0528,430,91.68665674798865,8.313343252011352
deepseek/deepseek-r1-0528,440,91.10061738343414,8.899382616565852
deepseek/deepseek-r1-0528,450,89.847682696125,10.152317303875005
deepseek/deepseek-r1-0528,460,91.51809754565402,8.481902454345981
deepseek/deepseek-r1-0528,470,89.7648464341008,10.235153565899196
deepseek/deepseek-r1-0528,480,91.13652127346094,8.86347872653905
deepseek/deepseek-r1-0528,490,87.95326033691336,12.046739663086646
deepseek/deepseek-r1-0528,500,90.12296834878545,9.877031651214548
google/gemini-2.5-flash-preview-05-20,10,0.0,0.0
google/gemini-2.5-flash-preview-05-20,20,20.0,0.0
google/gemini-2.5-flash-preview-05-20,30,30.0,10.0
google/gemini-2.5-flash-preview-05-20,40,53.33333333333333,26.666666666666664
google/gemini-2.5-flash-preview-05-20,50,83.33333333333333,16.666666666666664
google/gemini-2.5-flash-preview-05-20,60,66.23809523809523,33.76190476190476
google/gemini-2.5-flash-preview-05-20,70,87.1969696969697,12.803030303030303
google/gemini-2.5-flash-preview-05-20,80,72.4090909090909,27.590909090909086
google/gemini-2.5-flash-preview-05-20,90,83.31372549019608,16.68627450980392
google/gemini-2.5-flash-preview-05-20,100,79.88423831070891,20.1157616892911
google/gemini-2.5-flash-preview-05-20,110,75.78296761218962,24.217032387810377
google/gemini-2.5-flash-preview-05-20,120,86.7741935483871,13.225806451612902
google/gemini-2.5-flash-preview-05-20,130,88.25939884180532,11.740601158194687
google/gemini-2.5-flash-preview-05-20,140,88.21966758159962,11.780332418400366
google/gemini-2.5-flash-preview-05-20,150,83.36188542640156,16.638114573598443
google/gemini-2.5-flash-preview-05-20,160,84.16310437218365,15.836895627816343
google/gemini-2.5-flash-preview-05-20,170,85.22934023885668,14.770659761143316
google/gemini-2.5-flash-preview-05-20,180,84.43589743589743,15.564102564102564
google/gemini-2.5-flash-preview-05-20,190,85.92584834520319,14.074151654796816
google/gemini-2.5-flash-preview-05-20,200,86.90189035972348,13.098109640276514
google/gemini-2.5-flash-preview-05-20,210,87.7087812369119,12.291218763088093
google/gemini-2.5-flash-preview-05-20,220,89.0538422116827,10.94615778831729
google/gemini-2.5-flash-preview-05-20,230,87.50380525173992,12.496194748260073
google/gemini-2.5-flash-preview-05-20,240,90.11864232139342,9.881357678606575
google/gemini-2.5-flash-preview-05-20,250,87.05677689075873,12.94322310924127
google/gemini-2.5-flash-preview-05-20,260,88.58412203422151,11.415877965778485
google/gemini-2.5-flash-preview-05-20,270,89.4931833426165,10.506816657383492
google/gemini-2.5-flash-preview-05-20,280,89.85133260845251,10.148667391547486
google/gemini-2.5-flash-preview-05-20,290,87.91795333590998,12.082046664090006
google/gemini-2.5-flash-preview-05-20,300,88.61936436952742,11.380635630472579
google/gemini-2.5-flash-preview-05-20,310,88.27923404892849,11.720765951071503
google/gemini-2.5-flash-preview-05-20,320,90.60564289917184,9.39435710082817
google/gemini-2.5-flash-preview-05-20,330,89.35594347855655,10.644056521443456
google/gemini-2.5-flash-preview-05-20,340,87.91470990379483,12.085290096205174
google/gemini-2.5-flash-preview-05-20,350,88.70535241407148,11.294647585928526
google/gemini-2.5-flash-preview-05-20,360,89.18504509726915,10.814954902730848
google/gemini-2.5-flash-preview-05-20,370,89.7833941051842,10.216605894815801
google/gemini-2.5-flash-preview-05-20,380,89.4174809451787,10.582519054821313
google/gemini-2.5-flash-preview-05-20,390,89.88394889685408,10.11605110314592
google/gemini-2.5-flash-preview-05-20,400,89.00254311733225,10.99745688266774
google/gemini-2.5-flash-preview-05-20,410,89.91332191782041,10.086678082179581
google/gemini-2.5-flash-preview-05-20,420,90.3115163283181,9.688483671681903
google/gemini-2.5-flash-preview-05-20,430,91.69519278814478,8.30480721185522
google/gemini-2.5-flash-preview-05-20,440,89.77987090484625,10.22012909515376
google/gemini-2.5-flash-preview-05-20,450,90.0072252946314,9.992774705368607
google/gemini-2.5-flash-preview-05-20,460,90.32686903173828,9.673130968261718
google/gemini-2.5-flash-preview-05-20,470,89.72944032317822,10.270559676821776
google/gemini-2.5-flash-preview-05-20,480,90.49041949121295,9.509580508787051
google/gemini-2.5-flash-preview-05-20,490,89.87474072193544,10.125259278064558
google/gemini-2.5-flash-preview-05-20,500,90.61390507403573,9.38609492596428
google/gemini-2.5-pro-preview,10,0.0,0.0
google/gemini-2.5-pro-preview,20,0.0,0.0
google/gemini-2.5-pro-preview,30,0.0,0.0
google/gemini-2.5-pro-preview,40,0.0,0.0
google/gemini-2.5-pro-preview,50,0.0,0.0
google/gemini-2.5-pro-preview,60,60.0,0.0
google/gemini-2.5-pro-preview,70,0.0,0.0
google/gemini-2.5-pro-preview,80,0.0,20.0
google/gemini-2.5-pro-preview,90,20.0,0.0
google/gemini-2.5-pro-preview,100,60.0,0.0
google/gemini-2.5-pro-preview,110,55.0,5.0
google/gemini-2.5-pro-preview,120,40.0,0.0
google/gemini-2.5-pro-preview,130,76.0,4.0
google/gemini-2.5-pro-preview,140,97.77777777777779,2.2222222222222223
google/gemini-2.5-pro-preview,150,58.18181818181817,1.8181818181818183
google/gemini-2.5-pro-preview,160,70.0,10.0
google/gemini-2.5-pro-preview,170,74.4,5.6
google/gemini-2.5-pro-preview,180,75.55555555555556,4.444444444444445
google/gemini-2.5-pro-preview,190,89.00037160906726,10.999628390932738
google/gemini-2.5-pro-preview,200,91.89610389610388,8.103896103896105
google/gemini-2.5-pro-preview,210,83.48357524828113,16.51642475171887
google/gemini-2.5-pro-preview,220,85.4952380952381,14.504761904761903
google/gemini-2.5-pro-preview,230,90.3467273954116,9.653272604588395
google/gemini-2.5-pro-preview,240,88.58897243107769,11.411027568922304
google/gemini-2.5-pro-preview,250,87.86730674620101,12.132693253799001
google/gemini-2.5-pro-preview,260,84.44219379294006,15.557806207059937
google/gemini-2.5-pro-preview,270,90.05985638368261,9.940143616317377
google/gemini-2.5-pro-preview,280,87.69153069153069,12.308469308469308
google/gemini-2.5-pro-preview,290,85.9039119394977,14.096088060502293
google/gemini-2.5-pro-preview,300,86.27619047619048,13.723809523809525
google/gemini-2.5-pro-preview,310,89.4105323449686,10.589467655031402
google/gemini-2.5-pro-preview,320,86.65269596304078,13.34730403695921
google/gemini-2.5-pro-preview,330,86.65265123593296,13.34734876406703
google/gemini-2.5-pro-preview,340,91.08144611340805,8.918553886591948
google/gemini-2.5-pro-preview,350,87.68943610502052,12.31056389497948
google/gemini-2.5-pro-preview,360,88.3270229678595,11.672977032140489
google/gemini-2.5-pro-preview,370,90.08675943495678,9.913240565043221
google/gemini-2.5-pro-preview,380,90.2526630457665,9.747336954233507
google/gemini-2.5-pro-preview,390,89.15240032510306,10.84759967489694
google/gemini-2.5-pro-preview,400,87.85277228048035,12.14722771951965
google/gemini-2.5-pro-preview,410,91.09285441841622,8.907145581583782
google/gemini-2.5-pro-preview,420,89.92413159595822,10.07586840404178
google/gemini-2.5-pro-preview,430,87.94435601340972,12.055643986590278
google/gemini-2.5-pro-preview,440,90.65317215915492,9.34682784084508
google/gemini-2.5-pro-preview,450,88.40029685298619,11.599703147013813
google/gemini-2.5-pro-preview,460,91.5150997632865,8.484900236713496
google/gemini-2.5-pro-preview,470,88.57109741813588,11.42890258186413
google/gemini-2.5-pro-preview,480,88.18649178350671,11.813508216493291
google/gemini-2.5-pro-preview,490,90.21692824776827,9.78307175223173
google/gemini-2.5-pro-preview,500,88.80157510797306,11.198424892026939
google/gemini-2.5-pro-preview-high-reasoning,10,0.0,0.0
google/gemini-2.5-pro-preview-high-reasoning,20,0.0,0.0
google/gemini-2.5-pro-preview-high-reasoning,30,0.0,0.0
google/gemini-2.5-pro-preview-high-reasoning,40,0.0,0.0
google/gemini-2.5-pro-preview-high-reasoning,50,20.0,0.0
google/gemini-2.5-pro-preview-high-reasoning,60,20.0,0.0
google/gemini-2.5-pro-preview-high-reasoning,70,20.0,0.0
google/gemini-2.5-pro-preview-high-reasoning,80,0.0,0.0
google/gemini-2.5-pro-preview-high-reasoning,90,0.0,0.0
google/gemini-2.5-pro-preview-high-reasoning,100,53.33333333333333,26.666666666666664
google/gemini-2.5-pro-preview-high-reasoning,110,40.0,0.0
google/gemini-2.5-pro-preview-high-reasoning,120,37.142857142857146,2.8571428571428568
google/gemini-2.5-pro-preview-high-reasoning,130,20.0,0.0
google/gemini-2.5-pro-preview-high-reasoning,140,60.0,0.0
google/gemini-2.5-pro-preview-high-reasoning,150,60.0,0.0
google/gemini-2.5-pro-preview-high-reasoning,160,95.77777777777779,4.222222222222222
google/gemini-2.5-pro-preview-high-reasoning,170,72.57264957264957,7.427350427350428
google/gemini-2.5-pro-preview-high-reasoning,180,73.23232323232324,6.767676767676766
google/gemini-2.5-pro-preview-high-reasoning,190,91.28427128427128,8.715728715728716
google/gemini-2.5-pro-preview-high-reasoning,200,96.99404761904762,3.005952380952381
google/gemini-2.5-pro-preview-high-reasoning,210,90.17316017316018,9.826839826839826
google/gemini-2.5-pro-preview-high-reasoning,220,91.1984126984127,8.8015873015873
google/gemini-2.5-pro-preview-high-reasoning,230,86.66080024700713,13.339199752992858
google/gemini-2.5-pro-preview-high-reasoning,240,79.7088758379081,20.291124162091904
google/gemini-2.5-pro-preview-high-reasoning,250,90.8554905408683,9.1445094591317
google/gemini-2.5-pro-preview-high-reasoning,260,86.4907695884678,13.5092304115322
google/gemini-2.5-pro-preview-high-reasoning,270,90.04842814214699,9.951571857853015
google/gemini-2.5-pro-preview-high-reasoning,280,86.71424220738797,13.285757792612031
google/gemini-2.5-pro-preview-high-reasoning,290,89.5816468988314,10.418353101168595
google/gemini-2.5-pro-preview-high-reasoning,300,85.66299787507263,14.337002124927366
google/gemini-2.5-pro-preview-high-reasoning,310,86.77805604652751,13.22194395347248
google/gemini-2.5-pro-preview-high-reasoning,320,88.71911876458526,11.28088123541475
google/gemini-2.5-pro-preview-high-reasoning,330,88.0392156862745,11.96078431372549
google/gemini-2.5-pro-preview-high-reasoning,340,94.09776577148644,5.902234228513566
google/gemini-2.5-pro-preview-high-reasoning,350,87.82575136612022,12.174248633879781
google/gemini-2.5-pro-preview-high-reasoning,360,90.829499567868,9.170500432131998
google/gemini-2.5-pro-preview-high-reasoning,370,90.02468064301992,9.975319356980084
google/gemini-2.5-pro-preview-high-reasoning,380,87.88133853827284,12.118661461727156
google/gemini-2.5-pro-preview-high-reasoning,390,89.08631019649116,10.913689803508843
google/gemini-2.5-pro-preview-high-reasoning,400,87.18657818659551,12.813421813404492
google/gemini-2.5-pro-preview-high-reasoning,410,89.40810328493652,10.591896715063488
google/gemini-2.5-pro-preview-high-reasoning,420,87.75987193985974,12.240128060140256
google/gemini-2.5-pro-preview-high-reasoning,430,88.21104396785573,11.788956032144265
google/gemini-2.5-pro-preview-high-reasoning,440,89.62434562076032,10.37565437923968
google/gemini-2.5-pro-preview-high-reasoning,450,88.80876443099758,11.191235569002417
google/gemini-2.5-pro-preview-high-reasoning,460,89.86033559757007,10.139664402429926
google/gemini-2.5-pro-preview-high-reasoning,470,71.77692864171372,8.223071358286276
google/gemini-2.5-pro-preview-high-reasoning,480,87.95404413273425,12.045955867265754
google/gemini-2.5-pro-preview-high-reasoning,490,86.2131034557048,13.7868965442952
google/gemini-2.5-pro-preview-high-reasoning,500,87.48298640715183,12.517013592848171
meta-llama/llama-4-maverick,10,0.0,0.0
meta-llama/llama-4-maverick,20,0.0,0.0
meta-llama/llama-4-maverick,30,20.0,40.0
meta-llama/llama-4-maverick,40,94.18181818181817,5.818181818181818
meta-llama/llama-4-maverick,50,95.19444444444444,4.805555555555555
meta-llama/llama-4-maverick,60,88.56195202646816,11.438047973531845
meta-llama/llama-4-maverick,70,94.1939847786622,5.806015221337802
meta-llama/llama-4-maverick,80,97.23527349228611,2.7647265077138847
meta-llama/llama-4-maverick,90,94.39325896262395,5.6067410373760485
meta-llama/llama-4-maverick,100,95.98870478180822,4.01129521819177
meta-llama/llama-4-maverick,110,95.25367751057756,4.7463224894224325
meta-llama/llama-4-maverick,120,58.22554112554112,1.7744588744588743
meta-llama/llama-4-maverick,130,93.7698091229875,6.230190877012509
meta-llama/llama-4-maverick,140,77.38513314756872,2.614866852431282
meta-llama/llama-4-maverick,150,75.96426410854723,4.035735891452769
meta-llama/llama-4-maverick,160,77.16035495563054,2.839645044369454
meta-llama/llama-4-maverick,170,76.98994396541191,3.0100560345880956
meta-llama/llama-4-maverick,180,57.97199896292456,2.0280010370754473
meta-llama/llama-4-maverick,190,39.05866114561767,0.9413388543823327
meta-llama/llama-4-maverick,200,95.01223324286354,4.987766757136456
meta-llama/llama-4-maverick,210,76.6087971788029,3.3912028211971026
meta-llama/llama-4-maverick,220,57.14997411630063,2.850025883699375
meta-llama/llama-4-maverick,230,39.310344827586206,0.689655172413793
meta-llama/llama-4-maverick,240,95.6425557689978,4.357444231002198
meta-llama/llama-4-maverick,250,75.39273304033028,4.607266959669706
meta-llama/llama-4-maverick,260,56.06241266884024,3.937587331159757
meta-llama/llama-4-maverick,270,77.6213578921543,2.378642107845704
meta-llama/llama-4-maverick,280,95.54518147113083,4.454818528869161
meta-llama/llama-4-maverick,290,38.68979190616618,1.310208093833825
meta-llama/llama-4-maverick,300,77.05080955080955,2.949190449190449
meta-llama/llama-4-maverick,310,58.02288897706781,1.9771110229321933
meta-llama/llama-4-maverick,320,96.17136931245363,3.8286306875463665
meta-llama/llama-4-maverick,330,56.71961400255994,3.2803859974400593
meta-llama/llama-4-maverick,340,76.34696671908915,23.65303328091084
meta-llama/llama-4-maverick,350,76.8059623291148,3.1940376708852036
meta-llama/llama-4-maverick,360,57.66987413523327,2.330125864766722
meta-llama/llama-4-maverick,370,77.18187357496659,2.8181264250334146
meta-llama/llama-4-maverick,380,76.98419207812272,3.0158079218772857
meta-llama/llama-4-maverick,390,96.28475489446937,3.7152451055306366
meta-llama/llama-4-maverick,400,77.10344678535505,2.8965532146449444
meta-llama/llama-4-maverick,410,76.44985922021266,3.55014077978734
meta-llama/llama-4-maverick,420,95.97232805009416,4.027671949905833
meta-llama/llama-4-maverick,430,77.3616879690779,2.6383120309220898
meta-llama/llama-4-maverick,440,96.07951895812076,3.920481041879235
meta-llama/llama-4-maverick,450,95.42779696717442,4.572203032825592
meta-llama/llama-4-maverick,460,57.99936662538003,2.000633374619975
meta-llama/llama-4-maverick,470,76.5692229685288,3.4307770314712007
meta-llama/llama-4-maverick,480,95.59163561723598,4.408364382764018
meta-llama/llama-4-maverick,490,96.48501317406414,3.514986825935863
meta-llama/llama-4-maverick,500,77.03942789675746,2.9605721032425434
meta-llama/llama-4-scout,10,0.0,0.0
meta-llama/llama-4-scout,20,0.0,60.0
meta-llama/llama-4-scout,30,47.142857142857146,12.857142857142856
meta-llama/llama-4-scout,40,84.77633477633478,15.223665223665222
meta-llama/llama-4-scout,50,92.31834494106299,7.6816550589370065
meta-llama/llama-4-scout,60,93.8829365079365,6.117063492063492
meta-llama/llama-4-scout,70,90.11773940345368,9.88226059654631
meta-llama/llama-4-scout,80,92.597113614355,7.402886385645006
meta-llama/llama-4-scout,90,95.91808589637924,4.08191410362077
meta-llama/llama-4-scout,100,95.99562994862201,4.0043700513779825
meta-llama/llama-4-scout,110,96.73477221811973,3.2652277818802715
meta-llama/llama-4-scout,120,93.44026365706804,6.55973634293195
meta-llama/llama-4-scout,130,96.62218768440216,3.377812315597834
meta-llama/llama-4-scout,140,94.90386982193635,5.096130178063637
meta-llama/llama-4-scout,150,95.52933453925577,4.470665460744226
meta-llama/llama-4-scout,160,97.53107885967775,2.4689211403222595
meta-llama/llama-4-scout,170,96.5388073880541,3.4611926119459056
meta-llama/llama-4-scout,180,96.43900307497434,3.560996925025665
meta-llama/llama-4-scout,190,97.22594846615138,2.774051533848617
meta-llama/llama-4-scout,200,97.01444943079922,2.985550569200776
meta-llama/llama-4-scout,210,96.27483181370015,3.7251681862998622
meta-llama/llama-4-scout,220,96.37873259816236,3.6212674018376503
meta-llama/llama-4-scout,230,96.16567014377793,3.8343298562220776
meta-llama/llama-4-scout,240,96.92776962957439,3.072230370425612
meta-llama/llama-4-scout,250,96.91567925425917,3.0843207457408255
meta-llama/llama-4-scout,260,96.63987868222613,3.360121317773867
meta-llama/llama-4-scout,270,96.42484430320283,3.5751556967971636
meta-llama/llama-4-scout,280,96.61817889102865,3.381821108971343
meta-llama/llama-4-scout,290,95.87177653184779,4.128223468152212
meta-llama/llama-4-scout,300,96.40901990567286,3.59098009432714
meta-llama/llama-4-scout,310,96.95903890306687,3.0409610969331284
meta-llama/llama-4-scout,320,96.59953857705588,3.400461422944109
meta-llama/llama-4-scout,330,96.43025950312304,3.5697404968769617
meta-llama/llama-4-scout,340,96.5465331178851,3.453466882114894
meta-llama/llama-4-scout,350,97.09336693706369,2.9066330629363066
meta-llama/llama-4-scout,360,96.94411472044865,3.0558852795513474
meta-llama/llama-4-scout,370,96.47849441644007,3.521505583559938
meta-llama/llama-4-scout,380,97.28125918232328,2.718740817676724
meta-llama/llama-4-scout,390,76.53911910742394,3.460880892576065
meta-llama/llama-4-scout,400,96.17584667487498,3.8241533251250224
meta-llama/llama-4-scout,410,96.68022147837712,3.3197785216228852
meta-llama/llama-4-scout,420,96.2463027006086,3.7536972993914106
meta-llama/llama-4-scout,430,97.34917452587194,2.650825474128055
meta-llama/llama-4-scout,440,97.07073930268082,2.9292606973191804
meta-llama/llama-4-scout,450,97.05888979089525,2.9411102091047505
meta-llama/llama-4-scout,460,96.58835891353064,3.411641086469347
meta-llama/llama-4-scout,470,96.77332832419276,3.226671675807227
meta-llama/llama-4-scout,480,96.84407349274983,3.155926507250166
meta-llama/llama-4-scout,490,96.7494591704458,3.2505408295541955
meta-llama/llama-4-scout,500,97.21319649823037,2.786803501769626
openai/gpt-4.1,10,0.0,20.0
openai/gpt-4.1,20,0.0,20.0
openai/gpt-4.1,30,0.0,20.0
openai/gpt-4.1,40,0.0,20.0
openai/gpt-4.1,50,20.0,20.0
openai/gpt-4.1,60,46.666666666666664,33.33333333333333
openai/gpt-4.1,70,47.07142857142857,32.92857142857143
openai/gpt-4.1,80,59.83333333333333,40.166666666666664
openai/gpt-4.1,90,69.26190476190476,30.738095238095234
openai/gpt-4.1,100,65.0,35.0
openai/gpt-4.1,110,57.15079365079365,42.84920634920635
openai/gpt-4.1,120,47.32600732600732,52.673992673992664
openai/gpt-4.1,130,61.2936507936508,38.7063492063492
openai/gpt-4.1,140,72.08963585434174,27.910364145658264
openai/gpt-4.1,150,60.511155511155515,39.48884448884449
openai/gpt-4.1,160,62.10366694237662,37.89633305762338
openai/gpt-4.1,170,76.57262845849803,23.427371541501977
openai/gpt-4.1,180,72.1471122032132,27.852887796786813
openai/gpt-4.1,190,73.63053190004189,26.36946809995812
openai/gpt-4.1,200,74.01984126984127,25.980158730158728
openai/gpt-4.1,210,74.11754114421885,25.88245885578116
openai/gpt-4.1,220,69.69025923942925,30.309740760570758
openai/gpt-4.1,230,78.17901612110911,21.820983878890885
openai/gpt-4.1,240,72.44078708485488,27.559212915145118
openai/gpt-4.1,250,75.88759318469387,24.112406815306134
openai/gpt-4.1,260,76.22945770664668,23.770542293353323
openai/gpt-4.1,270,76.87565939309756,23.124340606902432
openai/gpt-4.1,280,78.61954776075444,21.380452239245564
openai/gpt-4.1,290,80.5045105943626,19.495489405637393
openai/gpt-4.1,300,81.60517864000599,18.394821359994005
openai/gpt-4.1,310,81.50415800120103,18.495841998798962
openai/gpt-4.1,320,74.67178157740366,25.328218422596333
openai/gpt-4.1,330,81.94919375548814,18.050806244511854
openai/gpt-4.1,340,83.7383397840723,16.261660215927698
openai/gpt-4.1,350,80.37330103233944,19.626698967660555
openai/gpt-4.1,360,84.74159410442913,15.258405895570874
openai/gpt-4.1,370,79.98777009538446,20.012229904615538
openai/gpt-4.1,380,81.62932086725779,18.370679132742207
openai/gpt-4.1,390,82.05320218494005,17.946797815059945
openai/gpt-4.1,400,82.52103306541709,17.478966934582907
openai/gpt-4.1,410,84.61752478962418,15.382475210375826
openai/gpt-4.1,420,84.17434617042103,15.825653829578972
openai/gpt-4.1,430,85.22987104469848,14.770128955301512
openai/gpt-4.1,440,83.25620760180323,16.743792398196778
openai/gpt-4.1,450,86.65628862607714,13.343711373922854
openai/gpt-4.1,460,84.73759978927117,15.262400210728833
openai/gpt-4.1,470,85.41407963761311,14.58592036238689
openai/gpt-4.1,480,87.04629132172121,12.953708678278787
openai/gpt-4.1,490,84.8037275723569,15.196272427643084
openai/gpt-4.1,500,84.25147981939321,15.748520180606794
openai/gpt-4.1-mini,10,0.0,0.0
openai/gpt-4.1-mini,20,0.0,20.0
openai/gpt-4.1-mini,30,10.0,50.0
openai/gpt-4.1-mini,40,15.333333333333332,84.66666666666667
openai/gpt-4.1-mini,50,28.666666666666664,71.33333333333333
openai/gpt-4.1-mini,60,34.904761904761905,65.0952380952381
openai/gpt-4.1-mini,70,48.09340659340659,51.9065934065934
openai/gpt-4.1-mini,80,71.88461538461539,28.11538461538462
openai/gpt-4.1-mini,90,58.40350877192982,41.59649122807018
openai/gpt-4.1-mini,100,73.92035074899525,26.079649251004753
openai/gpt-4.1-mini,110,69.73302822273074,30.26697177726926
openai/gpt-4.1-mini,120,71.14170593274791,28.858294067252086
openai/gpt-4.1-mini,130,69.08499296389236,30.915007036107635
openai/gpt-4.1-mini,140,74.07930367504835,25.920696324951642
openai/gpt-4.1-mini,150,76.82737373638355,23.17262626361645
openai/gpt-4.1-mini,160,74.56356924542533,25.436430754574683
openai/gpt-4.1-mini,170,82.57819459346888,17.421805406531117
openai/gpt-4.1-mini,180,80.69981899891131,19.300181001088692
openai/gpt-4.1-mini,190,83.99997867821222,16.00002132178779
openai/gpt-4.1-mini,200,83.24883657084392,16.751163429156072
openai/gpt-4.1-mini,210,81.89655958077012,18.10344041922989
openai/gpt-4.1-mini,220,81.22917816709453,18.77082183290547
openai/gpt-4.1-mini,230,85.89866698957607,14.10133301042392
openai/gpt-4.1-mini,240,85.37653438558021,14.623465614419782
openai/gpt-4.1-mini,250,84.74209850401397,15.257901495986028
openai/gpt-4.1-mini,260,86.74263571677365,13.257364283226352
openai/gpt-4.1-mini,270,85.08922810880787,14.91077189119213
openai/gpt-4.1-mini,280,85.8812267223005,14.1187732776995
openai/gpt-4.1-mini,290,84.30171679994125,15.69828320005875
openai/gpt-4.1-mini,300,84.7796573781732,15.220342621826799
openai/gpt-4.1-mini,310,85.90944766748677,14.090552332513216
openai/gpt-4.1-mini,320,87.48310904229041,12.516890957709599
openai/gpt-4.1-mini,330,86.61306146669571,13.386938533304294
openai/gpt-4.1-mini,340,86.19020787273624,13.809792127263757
openai/gpt-4.1-mini,350,85.25899185582466,14.741008144175328
openai/gpt-4.1-mini,360,87.59995971962061,12.40004028037938
openai/gpt-4.1-mini,370,86.82956886019585,13.17043113980414
openai/gpt-4.1-mini,380,86.64745914594273,13.35254085405727
openai/gpt-4.1-mini,390,86.8388375737948,13.1611624262052
openai/gpt-4.1-mini,400,87.4180949471228,12.581905052877199
openai/gpt-4.1-mini,410,88.44819335351585,11.551806646484152
openai/gpt-4.1-mini,420,88.58854206549172,11.411457934508284
openai/gpt-4.1-mini,430,88.01371764331154,11.986282356688452
openai/gpt-4.1-mini,440,88.38212892683956,11.617871073160448
openai/gpt-4.1-mini,450,87.81867232848695,12.181327671513042
openai/gpt-4.1-mini,460,89.51159053072739,10.488409469272602
openai/gpt-4.1-mini,470,88.75792411342202,11.24207588657799
openai/gpt-4.1-mini,480,88.74847423721884,11.251525762781156
openai/gpt-4.1-mini,490,89.16684850375051,10.833151496249474
openai/gpt-4.1-mini,500,88.89438608086172,11.105613919138268
openai/gpt-4.1-nano,10,40.0,20.0
openai/gpt-4.1-nano,20,65.0,35.0
openai/gpt-4.1-nano,30,69.0,31.0
openai/gpt-4.1-nano,40,81.73015873015872,18.269841269841272
openai/gpt-4.1-nano,50,68.28312863606982,31.71687136393019
openai/gpt-4.1-nano,60,65.20333772507685,34.79666227492314
openai/gpt-4.1-nano,70,74.60455486542443,25.395445134575567
openai/gpt-4.1-nano,80,79.6486813137258,20.35131868627419
openai/gpt-4.1-nano,90,78.07872118531304,21.92127881468695
openai/gpt-4.1-nano,100,85.93196112064037,14.068038879359634
openai/gpt-4.1-nano,110,81.41733582321817,18.582664176781826
openai/gpt-4.1-nano,120,82.9107680090408,17.08923199095921
openai/gpt-4.1-nano,130,85.00731599781004,14.992684002189955
openai/gpt-4.1-nano,140,87.19903826786864,12.800961732131361
openai/gpt-4.1-nano,150,85.73435507176836,14.265644928231627
openai/gpt-4.1-nano,160,87.25720439691028,12.742795603089721
openai/gpt-4.1-nano,170,87.70123202755947,12.298767972440539
openai/gpt-4.1-nano,180,89.52641926857213,10.473580731427878
openai/gpt-4.1-nano,190,88.85383392963223,11.14616607036777
openai/gpt-4.1-nano,200,87.5617501384709,12.438249861529098
openai/gpt-4.1-nano,210,88.23488975117367,11.76511024882633
openai/gpt-4.1-nano,220,89.8094017345932,10.190598265406814
openai/gpt-4.1-nano,230,90.83644068995265,9.163559310047352
openai/gpt-4.1-nano,240,91.39424566143491,8.605754338565088
openai/gpt-4.1-nano,250,90.62944109816772,9.37055890183229
openai/gpt-4.1-nano,260,88.94633779111936,11.053662208880647
openai/gpt-4.1-nano,270,90.52277508090614,9.477224919093851
openai/gpt-4.1-nano,280,88.96210744251705,11.03789255748295
openai/gpt-4.1-nano,290,88.45527423872036,11.54472576127964
openai/gpt-4.1-nano,300,90.76726428222412,9.232735717775878
openai/gpt-4.1-nano,310,90.25020941357677,9.749790586423227
openai/gpt-4.1-nano,320,91.2589094400838,8.7410905599162
openai/gpt-4.1-nano,330,91.48427207515019,8.515727924849804
openai/gpt-4.1-nano,340,90.15404239195054,9.845957608049453
openai/gpt-4.1-nano,350,92.11402681825217,7.885973181747829
openai/gpt-4.1-nano,360,91.98270906019677,8.01729093980323
openai/gpt-4.1-nano,370,89.6408442678932,10.35915573210679
openai/gpt-4.1-nano,380,90.91422192627216,9.085778073727841
openai/gpt-4.1-nano,390,91.1061616298625,8.89383837013751
openai/gpt-4.1-nano,400,91.08330301225325,8.916696987746752
openai/gpt-4.1-nano,410,91.01604165557838,8.983958344421634
openai/gpt-4.1-nano,420,91.85833458041553,8.141665419584472
openai/gpt-4.1-nano,430,90.21645751088954,9.783542489110456
openai/gpt-4.1-nano,440,91.50658956051325,8.493410439486752
openai/gpt-4.1-nano,450,92.88977902088718,7.11022097911282
openai/gpt-4.1-nano,460,91.36669667484051,8.633303325159485
openai/gpt-4.1-nano,470,73.26093170167417,6.739068298325833
openai/gpt-4.1-nano,480,92.58689985332919,7.413100146670804
openai/gpt-4.1-nano,490,92.17479332539145,7.825206674608557
openai/gpt-4.1-nano,500,92.05919620794194,7.940803792058055
openai/gpt-4.5-preview,10,0.0,0.0
openai/gpt-4.5-preview,20,0.0,0.0
openai/gpt-4.5-preview,30,0.0,40.0
openai/gpt-4.5-preview,40,40.0,0.0
openai/gpt-4.5-preview,50,41.666666666666664,58.33333333333333
openai/gpt-4.5-preview,60,60.0,40.0
openai/gpt-4.5-preview,70,62.222222222222214,37.77777777777778
openai/gpt-4.5-preview,80,51.166666666666664,48.83333333333333
openai/gpt-4.5-preview,90,53.80952380952381,46.19047619047619
openai/gpt-4.5-preview,100,55.223665223665215,44.77633477633478
openai/gpt-4.5-preview,110,67.12280701754386,32.87719298245614
openai/gpt-4.5-preview,120,65.43568750090489,34.56431249909511
openai/gpt-4.5-preview,130,65.06558172619879,34.934418273801214
openai/gpt-4.5-preview,140,69.37981000481,30.620189995189993
openai/gpt-4.5-preview,150,70.98306110102843,29.016938898971567
openai/gpt-4.5-preview,160,71.31693231693231,28.68306768306768
openai/gpt-4.5-preview,170,65.63074914601279,34.36925085398721
openai/gpt-4.5-preview,180,69.88725490196079,30.112745098039216
openai/gpt-4.5-preview,190,74.87970572973055,25.12029427026946
openai/gpt-4.5-preview,200,69.89197589323086,30.10802410676913
openai/gpt-4.5-preview,210,76.43649087592478,23.563509124075217
openai/gpt-4.5-preview,220,77.55251437027978,22.447485629720234
openai/gpt-4.5-preview,230,77.26761517615175,22.73238482384824
openai/gpt-4.5-preview,240,75.94215848520403,24.05784151479597
openai/gpt-4.5-preview,250,78.88653013653014,21.113469863469863
openai/gpt-4.5-preview,260,79.02525007390977,20.974749926090222
openai/gpt-4.5-preview,270,77.3311935781626,22.668806421837406
openai/gpt-4.5-preview,280,78.00797513956493,21.99202486043506
openai/gpt-4.5-preview,290,80.06618023647486,19.933819763525147
openai/gpt-4.5-preview,300,76.85087678040799,23.149123219592013
openai/gpt-4.5-preview,310,77.3540414728224,22.645958527177605
openai/gpt-4.5-preview,320,81.2022274924951,18.79777250750491
openai/gpt-4.5-preview,330,80.06515622280092,19.934843777199085
openai/gpt-4.5-preview,340,78.97288211419591,21.02711788580409
openai/gpt-4.5-preview,350,81.35186974696782,18.648130253032175
openai/gpt-4.5-preview,360,84.74059466461033,15.259405335389673
openai/gpt-4.5-preview,370,84.58732899067775,15.412671009322258
openai/gpt-4.5-preview,380,80.7833314343052,19.216668565694807
openai/gpt-4.5-preview,390,81.47298057912057,18.52701942087942
openai/gpt-4.5-preview,400,84.41907437182789,15.580925628172107
openai/gpt-4.5-preview,410,82.24452460933847,17.755475390661523
openai/gpt-4.5-preview,420,83.4703691399882,16.52963086001181
openai/gpt-4.5-preview,430,82.8404163977966,17.15958360220339
openai/gpt-4.5-preview,440,83.12320881274427,16.876791187255726
openai/gpt-4.5-preview,450,84.89077543581212,15.109224564187894
openai/gpt-4.5-preview,460,83.88414354231426,16.115856457685737
openai/gpt-4.5-preview,470,84.75756895714075,15.24243104285926
openai/gpt-4.5-preview,480,84.99191179750369,15.008088202496307
openai/gpt-4.5-preview,490,84.51119231579278,15.488807684207211
openai/gpt-4.5-preview,500,85.88061403548195,14.119385964518056
openai/gpt-4o,10,0.0,40.0
openai/gpt-4o,20,15.0,65.0
openai/gpt-4o,30,30.0,70.0
openai/gpt-4o,40,35.39393939393939,64.6060606060606
openai/gpt-4o,50,35.0,65.0
openai/gpt-4o,60,64.97336093857834,35.02663906142167
openai/gpt-4o,70,69.940664160401,30.059335839598997
openai/gpt-4o,80,77.28569700112351,22.7143029988765
openai/gpt-4o,90,74.0154238413458,25.984576158654203
openai/gpt-4o,100,80.06485447531998,19.935145524680028
openai/gpt-4o,110,77.53986986453381,22.460130135466194
openai/gpt-4o,120,84.7675487699474,15.232451230052613
openai/gpt-4o,130,84.90111603509531,15.098883964904678
openai/gpt-4o,140,83.62654908448701,16.373450915512986
openai/gpt-4o,150,87.82464726335705,12.175352736642951
openai/gpt-4o,160,87.31495198655821,12.685048013441783
openai/gpt-4o,170,86.12483410309497,13.875165896905026
openai/gpt-4o,180,87.96655465127061,12.03344534872939
openai/gpt-4o,190,88.7203481878643,11.279651812135697
openai/gpt-4o,200,91.54689913213832,8.453100867861679
openai/gpt-4o,210,89.84050759393585,10.15949240606415
openai/gpt-4o,220,90.24074786776217,9.759252132237824
openai/gpt-4o,230,91.11994720424984,8.88005279575016
openai/gpt-4o,240,91.29258193316903,8.707418066830972
openai/gpt-4o,250,90.13877158903763,9.861228410962374
openai/gpt-4o,260,89.39140448949945,10.608595510500544
openai/gpt-4o,270,91.69559534578501,8.304404654214988
openai/gpt-4o,280,92.15284552158231,7.847154478417693
openai/gpt-4o,290,92.11265084424568,7.8873491557543245
openai/gpt-4o,300,91.22244047523421,8.777559524765794
openai/gpt-4o,310,93.81152431584931,6.188475684150688
openai/gpt-4o,320,90.59088055485546,9.409119445144544
openai/gpt-4o,330,92.39618881022217,7.603811189777835
openai/gpt-4o,340,92.71002267575643,7.2899773242435675
openai/gpt-4o,350,93.05929130129641,6.940708698703579
openai/gpt-4o,360,92.94851753693754,7.051482463062453
openai/gpt-4o,370,92.85472572187325,7.145274278126749
openai/gpt-4o,380,92.77256663949856,7.227433360501425
openai/gpt-4o,390,92.95572180204775,7.044278197952248
openai/gpt-4o,400,93.69584569966594,6.304154300334055
openai/gpt-4o,410,92.19672709704253,7.803272902957476
openai/gpt-4o,420,92.26026757905133,7.739732420948664
openai/gpt-4o,430,91.90644885148369,8.093551148516314
openai/gpt-4o,440,92.70922649580618,7.290773504193828
openai/gpt-4o,450,93.25301131902813,6.746988680971867
openai/gpt-4o,460,93.68910330519243,6.310896694807571
openai/gpt-4o,470,92.54864463700778,7.451355362992213
openai/gpt-4o,480,93.0223070118793,6.977692988120697
openai/gpt-4o,490,93.14628077124394,6.8537192287560655
openai/gpt-4o,500,93.46062027709168,6.539379722908326
openai/gpt-4o-mini,10,0.0,40.0
openai/gpt-4o-mini,20,53.666666666666664,46.33333333333333
openai/gpt-4o-mini,30,65.0,35.0
openai/gpt-4o-mini,40,74.68434343434345,25.315656565656564
openai/gpt-4o-mini,50,76.09967320261438,23.900326797385624
openai/gpt-4o-mini,60,74.55873015873016,25.441269841269843
openai/gpt-4o-mini,70,78.91025641025641,21.08974358974359
openai/gpt-4o-mini,80,86.27256869670084,13.727431303299165
openai/gpt-4o-mini,90,87.06458204145531,12.935417958544694
openai/gpt-4o-mini,100,80.7444952857573,19.255504714242697
openai/gpt-4o-mini,110,86.46470975765345,13.535290242346552
openai/gpt-4o-mini,120,89.02740768877854,10.972592311221456
openai/gpt-4o-mini,130,88.55598274364317,11.444017256356826
openai/gpt-4o-mini,140,89.3119190866455,10.688080913354494
openai/gpt-4o-mini,150,89.48896572152069,10.511034278479311
openai/gpt-4o-mini,160,89.9087223339192,10.091277666080817
openai/gpt-4o-mini,170,88.87003533636451,11.129964663635501
openai/gpt-4o-mini,180,91.9101263968597,8.089873603140298
openai/gpt-4o-mini,190,91.65746226909718,8.34253773090281
openai/gpt-4o-mini,200,91.91385853364363,8.08614146635637
openai/gpt-4o-mini,210,90.86520951712951,9.134790482870486
openai/gpt-4o-mini,220,91.13543037028155,8.864569629718448
openai/gpt-4o-mini,230,90.95239895757456,9.047601042425445
openai/gpt-4o-mini,240,91.85643987961558,8.143560120384423
openai/gpt-4o-mini,250,92.05038874037264,7.949611259627366
openai/gpt-4o-mini,260,91.5173032790126,8.482696720987402
openai/gpt-4o-mini,270,90.31817139570056,9.681828604299437
openai/gpt-4o-mini,280,91.98198604927988,8.018013950720121
openai/gpt-4o-mini,290,92.67738981052261,7.322610189477388
openai/gpt-4o-mini,300,92.2320003826275,7.767999617372494
openai/gpt-4o-mini,310,93.41582173223786,6.584178267762134
openai/gpt-4o-mini,320,92.88880827159339,7.111191728406608
openai/gpt-4o-mini,330,93.14352578581335,6.856474214186649
openai/gpt-4o-mini,340,92.52150113769235,7.478498862307646
openai/gpt-4o-mini,350,93.77724432426257,6.222755675737419
openai/gpt-4o-mini,360,93.00890214126275,6.991097858737254
openai/gpt-4o-mini,370,92.69024711514734,7.309752884852661
openai/gpt-4o-mini,380,93.55796909026833,6.442030909731672
openai/gpt-4o-mini,390,93.39885154194874,6.601148458051263
openai/gpt-4o-mini,400,92.09366530554576,7.906334694454236
openai/gpt-4o-mini,410,93.39729629570832,6.602703704291679
openai/gpt-4o-mini,420,92.88323985225165,7.116760147748353
openai/gpt-4o-mini,430,93.13865543565385,6.861344564346155
openai/gpt-4o-mini,440,93.01536408298179,6.984635917018204
openai/gpt-4o-mini,450,94.0197432668932,5.980256733106795
openai/gpt-4o-mini,460,92.9276832801868,7.072316719813207
openai/gpt-4o-mini,470,93.27885822119546,6.7211417788045384
openai/gpt-4o-mini,480,93.44813384887307,6.551866151126937
openai/gpt-4o-mini,490,93.41994025832142,6.580059741678582
openai/gpt-4o-mini,500,93.84292564946945,6.157074350530547
openai/o3,10,20.0,0.0
openai/o3,20,0.0,0.0
openai/o3,30,40.0,0.0
openai/o3,40,0.0,0.0
openai/o3,50,20.0,20.0
openai/o3,60,70.0,10.0
openai/o3,70,40.0,20.0
openai/o3,80,40.0,0.0
openai/o3,90,52.0,8.0
openai/o3,100,46.666666666666664,13.333333333333332
openai/o3,110,17.142857142857142,42.857142857142854
openai/o3,120,80.0,0.0
openai/o3,130,53.33333333333333,26.666666666666664
openai/o3,140,80.47619047619047,19.523809523809526
openai/o3,150,46.36363636363636,53.63636363636364
openai/o3,160,50.52503052503052,49.47496947496948
openai/o3,170,67.85130718954248,32.14869281045752
openai/o3,180,71.82476943346508,28.175230566534914
openai/o3,190,46.33333333333333,33.66666666666667
openai/o3,200,66.82115270350565,13.178847296494357
openai/o3,210,63.51633986928105,16.483660130718953
openai/o3,220,59.224847833870385,40.775152166129615
openai/o3,230,71.94274136715997,28.05725863284003
openai/o3,240,79.17394054395952,20.82605945604048
openai/o3,250,53.803982462550245,46.19601753744976
openai/o3,260,85.15921987773137,14.840780122268617
openai/o3,270,58.883183568677794,21.116816431322206
openai/o3,280,70.0904761904762,29.909523809523808
openai/o3,290,76.84735754052143,23.152642459478564
openai/o3,300,83.32994056208342,16.67005943791658
openai/o3,310,81.77533006318228,18.224669936817723
openai/o3,320,83.7945804713069,16.205419528693096
openai/o3,330,83.81219331189654,16.187806688103464
openai/o3,340,77.21955394994912,22.780446050050887
openai/o3,350,88.34882394690639,11.651176053093598
openai/o3,360,76.73092965398071,23.269070346019298
openai/o3,370,85.67026775390067,14.329732246099322
openai/o3,380,87.44188210472217,12.558117895277832
openai/o3,390,84.46868857175585,15.531311428244148
openai/o3,400,87.56480635732554,12.43519364267446
openai/o3,410,89.16967291315225,10.830327086847742
openai/o3,420,81.32663965731376,18.673360342686244
openai/o3,430,87.88548663429691,12.114513365703095
openai/o3,440,71.10851783390326,8.891482166096743
openai/o3,450,66.8022068511199,13.197793148880105
openai/o3,460,82.8439885875801,17.156011412419893
openai/o3,470,90.77825454183268,9.221745458167318
openai/o3,480,91.20356577779157,8.796434222208438
openai/o3,490,89.54488384657944,10.455116153420569
openai/o3,500,88.19423675447038,11.80576324552962
openai/o3-high-reasoning,10,0.0,0.0
openai/o3-high-reasoning,20,0.0,0.0
openai/o3-high-reasoning,30,20.0,0.0
openai/o3-high-reasoning,40,0.0,20.0
openai/o3-high-reasoning,50,20.0,0.0
openai/o3-high-reasoning,60,20.0,0.0
openai/o3-high-reasoning,70,20.0,0.0
openai/o3-high-reasoning,80,20.0,0.0
openai/o3-high-reasoning,90,20.0,0.0
openai/o3-high-reasoning,100,60.0,20.0
openai/o3-high-reasoning,110,46.666666666666664,13.333333333333332
openai/o3-high-reasoning,120,53.33333333333333,26.666666666666664
openai/o3-high-reasoning,130,41.66666666666667,38.33333333333333
openai/o3-high-reasoning,140,68.33333333333333,11.666666666666666
openai/o3-high-reasoning,150,35.0,25.0
openai/o3-high-reasoning,160,54.33333333333333,25.666666666666664
openai/o3-high-reasoning,170,53.88888888888889,26.111111111111107
openai/o3-high-reasoning,180,46.66666666666667,33.33333333333333
openai/o3-high-reasoning,190,58.095238095238095,41.904761904761905
openai/o3-high-reasoning,200,85.75807334428023,14.24192665571976
openai/o3-high-reasoning,210,72.16666666666666,27.833333333333332
openai/o3-high-reasoning,220,78.21428571428571,21.785714285714285
openai/o3-high-reasoning,230,76.0900900900901,23.90990990990991
openai/o3-high-reasoning,240,40.505050505050505,59.494949494949495
openai/o3-high-reasoning,250,73.80086580086581,26.1991341991342
openai/o3-high-reasoning,260,69.88888888888889,30.111111111111107
openai/o3-high-reasoning,270,68.93048128342245,31.06951871657754
openai/o3-high-reasoning,280,63.035353535353536,36.964646464646464
openai/o3-high-reasoning,290,56.553884711779446,23.44611528822055
openai/o3-high-reasoning,300,82.33223684210526,17.667763157894736
openai/o3-high-reasoning,310,58.47104247104247,21.528957528957527
openai/o3-high-reasoning,320,70.23374130854675,29.76625869145324
openai/o3-high-reasoning,330,60.01282051282051,39.98717948717949
openai/o3-high-reasoning,340,71.8573061979134,28.14269380208659
openai/o3-high-reasoning,350,66.70841959972395,13.291580400276052
openai/o3-high-reasoning,360,58.0312689902662,41.9687310097338
openai/o3-high-reasoning,370,67.38919493205208,32.61080506794793
openai/o3-high-reasoning,380,73.44444444444444,26.555555555555554
openai/o3-high-reasoning,390,79.82015143878849,20.17984856121151
openai/o3-high-reasoning,400,81.81207945134575,18.187920548654244
openai/o3-high-reasoning,410,85.52080000770907,14.479199992290939
openai/o3-high-reasoning,420,72.63750702488392,27.362492975116083
openai/o3-high-reasoning,430,66.10317460317461,13.896825396825397
openai/o3-high-reasoning,440,81.00090715403309,18.999092845966906
openai/o3-high-reasoning,450,84.40711438412588,15.59288561587412
openai/o3-high-reasoning,460,91.04272884868317,8.957271151316835
openai/o3-high-reasoning,470,67.37098998620856,12.629010013791449
openai/o3-high-reasoning,480,88.17751912119502,11.82248087880499
openai/o3-high-reasoning,490,79.93433617466125,20.065663825338746
openai/o3-high-reasoning,500,86.24585107304938,13.754148926950625
openai/o4-mini,10,0.0,0.0
openai/o4-mini,20,0.0,0.0
openai/o4-mini,30,0.0,0.0
openai/o4-mini,40,20.0,0.0
openai/o4-mini,50,20.0,0.0
openai/o4-mini,60,0.0,20.0
openai/o4-mini,70,0.0,20.0
openai/o4-mini,80,6.666666666666666,33.33333333333333
openai/o4-mini,90,0.0,60.0
openai/o4-mini,100,20.0,60.0
openai/o4-mini,110,25.555555555555557,74.44444444444444
openai/o4-mini,120,56.88888888888889,23.11111111111111
openai/o4-mini,130,10.0,70.0
openai/o4-mini,140,28.070175438596486,11.929824561403507
openai/o4-mini,150,37.569377990430624,42.430622009569376
openai/o4-mini,160,41.04761904761905,58.95238095238095
openai/o4-mini,170,74.45598845598846,25.544011544011543
openai/o4-mini,180,78.86306675780361,21.1369332421964
openai/o4-mini,190,47.62271062271062,52.37728937728938
openai/o4-mini,200,64.30090248734317,35.699097512656834
openai/o4-mini,210,50.79955207166853,29.200447928331464
openai/o4-mini,220,34.857142857142854,45.142857142857146
openai/o4-mini,230,68.47359129216473,31.526408707835277
openai/o4-mini,240,62.92792792792793,37.07207207207207
openai/o4-mini,250,69.22974928247824,30.770250717521765
openai/o4-mini,260,73.20767195767196,26.79232804232804
openai/o4-mini,270,77.79250586827645,22.207494131723557
openai/o4-mini,280,69.98460798460799,30.015392015392013
openai/o4-mini,290,76.43311841402999,23.566881585970016
openai/o4-mini,300,77.1288768349081,22.871123165091895
openai/o4-mini,310,78.20047584409286,21.799524155907136
openai/o4-mini,320,79.25585359735325,20.744146402646752
openai/o4-mini,330,78.48159065657705,21.518409343422952
openai/o4-mini,340,67.17677618618697,32.82322381381303
openai/o4-mini,350,82.40802399210615,17.59197600789385
openai/o4-mini,360,79.46852364301866,20.53147635698134
openai/o4-mini,370,82.91654304347921,17.083456956520784
openai/o4-mini,380,85.04995032664974,14.950049673350264
openai/o4-mini,390,83.98872659113144,16.01127340886857
openai/o4-mini,400,84.84982713949383,15.150172860506183
openai/o4-mini,410,85.43748731519004,14.56251268480996
openai/o4-mini,420,87.5330765687011,12.466923431298895
openai/o4-mini,430,85.53830475688278,14.46169524311722
openai/o4-mini,440,77.3683370864993,22.631662913500705
openai/o4-mini,450,82.498442933254,17.501557066746006
openai/o4-mini,460,88.7161760822737,11.283823917726291
openai/o4-mini,470,87.6350829216565,12.364917078343487
openai/o4-mini,480,88.10364593739891,11.896354062601095
openai/o4-mini,490,90.40656954304623,9.59343045695376
openai/o4-mini,500,87.26891855027064,12.731081449729354
qwen/qwen3-235b-a22b,10,0.0,0.0
qwen/qwen3-235b-a22b,20,0.0,20.0
qwen/qwen3-235b-a22b,30,6.666666666666666,53.33333333333333
qwen/qwen3-235b-a22b,40,48.0,52.0
qwen/qwen3-235b-a22b,50,29.71428571428571,50.285714285714285
qwen/qwen3-235b-a22b,60,51.166666666666664,48.833333333333336
qwen/qwen3-235b-a22b,70,46.5,53.5
qwen/qwen3-235b-a22b,80,58.217503320478144,41.782496679521856
qwen/qwen3-235b-a22b,90,68.56038647342994,31.43961352657005
qwen/qwen3-235b-a22b,100,74.02373517823432,25.97626482176567
qwen/qwen3-235b-a22b,110,79.91437573979294,20.08562426020706
qwen/qwen3-235b-a22b,120,75.2006161300279,24.799383869972107
qwen/qwen3-235b-a22b,130,77.99323294431474,22.006767055685252
qwen/qwen3-235b-a22b,140,82.34665334665335,17.653346653346652
qwen/qwen3-235b-a22b,150,87.59452889073529,12.405471109264715
qwen/qwen3-235b-a22b,160,81.23082428177358,18.76917571822643
qwen/qwen3-235b-a22b,170,87.49916551584211,12.50083448415789
qwen/qwen3-235b-a22b,180,81.88032179163801,18.119678208361996
qwen/qwen3-235b-a22b,190,85.37825649830258,14.621743501697427
qwen/qwen3-235b-a22b,200,85.53565724395544,14.464342756044562
qwen/qwen3-235b-a22b,210,83.15609988140238,16.84390011859762
qwen/qwen3-235b-a22b,220,87.92681788687767,12.073182113122325
qwen/qwen3-235b-a22b,230,84.27773902910943,15.722260970890582
qwen/qwen3-235b-a22b,240,86.59354986519051,13.406450134809486
qwen/qwen3-235b-a22b,250,87.54465329991646,12.455346700083542
qwen/qwen3-235b-a22b,260,90.03425437114541,9.965745628854586
qwen/qwen3-235b-a22b,270,88.67575068496622,11.324249315033791
qwen/qwen3-235b-a22b,280,89.79708761247839,10.202912387521613
qwen/qwen3-235b-a22b,290,88.60948923819778,11.390510761802215
qwen/qwen3-235b-a22b,300,89.6379445050317,10.362055494968319
qwen/qwen3-235b-a22b,310,90.03256185710315,9.967438142896858
qwen/qwen3-235b-a22b,320,92.10364763793753,7.896352362062477
qwen/qwen3-235b-a22b,330,88.7491055565185,11.250894443481501
qwen/qwen3-235b-a22b,340,92.7529982027584,7.247001797241593
qwen/qwen3-235b-a22b,350,89.93713128294812,10.062868717051895
qwen/qwen3-235b-a22b,360,89.83606380439313,10.163936195606867
qwen/qwen3-235b-a22b,370,92.30762202533283,7.692377974667164
qwen/qwen3-235b-a22b,380,89.22129196591571,10.778708034084284
qwen/qwen3-235b-a22b,390,73.4377512740136,6.562248725986398
qwen/qwen3-235b-a22b,400,91.88109233444598,8.118907665554016
qwen/qwen3-235b-a22b,410,89.40763070868691,10.592369291313094
qwen/qwen3-235b-a22b,420,90.29384687632607,9.706153123673925
qwen/qwen3-235b-a22b,430,90.30833986424375,9.69166013575625
qwen/qwen3-235b-a22b,440,91.69984445556892,8.300155544431083
qwen/qwen3-235b-a22b,450,90.82230055180784,9.177699448192165
qwen/qwen3-235b-a22b,460,92.11307848297972,7.886921517020282
qwen/qwen3-235b-a22b,470,92.81920923842236,7.180790761577654
qwen/qwen3-235b-a22b,480,90.36142319872263,9.63857680127737
qwen/qwen3-235b-a22b,490,90.95913802647522,9.04086197352478
qwen/qwen3-235b-a22b,500,91.26283432384396,8.737165676156028
x-ai/grok-3-beta,10,0.0,0.0
x-ai/grok-3-beta,20,0.0,0.0
x-ai/grok-3-beta,30,0.0,0.0
x-ai/grok-3-beta,40,0.0,0.0
x-ai/grok-3-beta,50,0.0,0.0
x-ai/grok-3-beta,60,0.0,20.0
x-ai/grok-3-beta,70,20.0,0.0
x-ai/grok-3-beta,80,30.0,10.0
x-ai/grok-3-beta,90,80.0,0.0
x-ai/grok-3-beta,100,80.0,0.0
x-ai/grok-3-beta,110,61.666666666666664,38.33333333333333
x-ai/grok-3-beta,120,46.66666666666667,13.333333333333332
x-ai/grok-3-beta,130,75.33333333333333,24.666666666666664
x-ai/grok-3-beta,140,82.5,17.5
x-ai/grok-3-beta,150,87.33333333333333,12.666666666666666
x-ai/grok-3-beta,160,76.36363636363636,23.636363636363637
x-ai/grok-3-beta,170,84.64285714285714,15.357142857142856
x-ai/grok-3-beta,180,73.73706004140786,26.26293995859213
x-ai/grok-3-beta,190,75.91670648192387,24.083293518076125
x-ai/grok-3-beta,200,87.55835529205095,12.441644707949056
x-ai/grok-3-beta,210,81.14935961671726,18.85064038328273
x-ai/grok-3-beta,220,78.07801418439718,21.921985815602834
x-ai/grok-3-beta,230,85.0906347737985,14.909365226201487
x-ai/grok-3-beta,240,83.38487952485832,16.615120475141683
x-ai/grok-3-beta,250,75.1154566257541,24.88454337424589
x-ai/grok-3-beta,260,82.77935724340293,17.22064275659708
x-ai/grok-3-beta,270,74.08599945310364,25.914000546896364
x-ai/grok-3-beta,280,81.03151872135618,18.96848127864383
x-ai/grok-3-beta,290,82.90155194827703,17.098448051722976
x-ai/grok-3-beta,300,81.17995196207816,18.820048037921826
x-ai/grok-3-beta,310,81.63407004927159,18.36592995072841
x-ai/grok-3-beta,320,82.23010201259663,17.769897987403365
x-ai/grok-3-beta,330,84.71739565304684,15.28260434695316
x-ai/grok-3-beta,340,83.10811547576532,16.891884524234687
x-ai/grok-3-beta,350,82.39355635465475,17.606443645345244
x-ai/grok-3-beta,360,85.12395722516418,14.87604277483582
x-ai/grok-3-beta,370,83.88367081751593,16.116329182484073
x-ai/grok-3-beta,380,83.81688827229632,16.183111727703672
x-ai/grok-3-beta,390,81.66497988439076,18.335020115609247
x-ai/grok-3-beta,400,86.22118266252406,13.778817337475937
x-ai/grok-3-beta,410,84.74066850732665,15.259331492673354
x-ai/grok-3-beta,420,80.50033963087873,19.49966036912127
x-ai/grok-3-beta,430,83.15226902834436,16.847730971655643
x-ai/grok-3-beta,440,85.45868412821457,14.541315871785429
x-ai/grok-3-beta,450,87.34577826346353,12.65422173653647
x-ai/grok-3-beta,460,82.67939615772545,17.320603842274558
x-ai/grok-3-beta,470,83.42046948078635,16.579530519213655
x-ai/grok-3-beta,480,84.56387035569499,15.436129644305016
x-ai/grok-3-beta,490,83.47569794314188,16.524302056858115
x-ai/grok-3-beta,500,84.7992326827268,15.200767317273208
x-ai/grok-3-mini-beta,10,0.0,0.0
x-ai/grok-3-mini-beta,20,0.0,40.0
x-ai/grok-3-mini-beta,30,0.0,0.0
x-ai/grok-3-mini-beta,40,0.0,40.0
x-ai/grok-3-mini-beta,50,0.0,40.0
x-ai/grok-3-mini-beta,60,20.0,80.0
x-ai/grok-3-mini-beta,70,66.66666666666666,33.33333333333333
x-ai/grok-3-mini-beta,80,56.0,44.0
x-ai/grok-3-mini-beta,90,43.05555555555556,56.94444444444444
x-ai/grok-3-mini-beta,100,62.80519480519481,37.1948051948052
x-ai/grok-3-mini-beta,110,69.07308377896614,30.926916221033867
x-ai/grok-3-mini-beta,120,64.90982357855424,35.09017642144577
x-ai/grok-3-mini-beta,130,68.54628579120435,31.453714208795645
x-ai/grok-3-mini-beta,140,63.46043430253957,36.53956569746043
x-ai/grok-3-mini-beta,150,66.72700140952732,33.27299859047268
x-ai/grok-3-mini-beta,160,72.8866255695524,27.1133744304476
x-ai/grok-3-mini-beta,170,76.2439442278152,23.7560557721848
x-ai/grok-3-mini-beta,180,77.48675610595114,22.51324389404885
x-ai/grok-3-mini-beta,190,76.21110806076294,23.788891939237065
x-ai/grok-3-mini-beta,200,80.75137981041698,19.248620189583015
x-ai/grok-3-mini-beta,210,77.4961155647631,22.50388443523689
x-ai/grok-3-mini-beta,220,80.94343891402715,19.056561085972852
x-ai/grok-3-mini-beta,230,80.17617730054442,19.82382269945559
x-ai/grok-3-mini-beta,240,77.94147978982126,22.05852021017875
x-ai/grok-3-mini-beta,250,81.25679818935254,18.74320181064747
x-ai/grok-3-mini-beta,260,81.37743392718208,18.62256607281791
x-ai/grok-3-mini-beta,270,80.26074825416538,19.739251745834622
x-ai/grok-3-mini-beta,280,84.75879166449928,15.241208335500726
x-ai/grok-3-mini-beta,290,85.00249224640669,14.997507753593311
x-ai/grok-3-mini-beta,300,82.21819362179852,17.781806378201473
x-ai/grok-3-mini-beta,310,81.77221262982054,18.227787370179463
x-ai/grok-3-mini-beta,320,87.39887823660158,12.601121763398428
x-ai/grok-3-mini-beta,330,83.07733691906752,16.922663080932477
x-ai/grok-3-mini-beta,340,83.22051879905709,16.779481200942918
x-ai/grok-3-mini-beta,350,85.8220659998796,14.177934000120398
x-ai/grok-3-mini-beta,360,86.65734035138476,13.34265964861524
x-ai/grok-3-mini-beta,370,87.94361934766528,12.056380652334726
x-ai/grok-3-mini-beta,380,85.32500917134035,14.674990828659645
x-ai/grok-3-mini-beta,390,88.32366444416819,11.676335555831809
x-ai/grok-3-mini-beta,400,88.9079363795885,11.092063620411498
x-ai/grok-3-mini-beta,410,87.40697649512317,12.593023504876822
x-ai/grok-3-mini-beta,420,85.29962048195105,14.700379518048953
x-ai/grok-3-mini-beta,430,86.98364734003917,13.016352659960825
x-ai/grok-3-mini-beta,440,86.92204253185784,13.077957468142149
x-ai/grok-3-mini-beta,450,87.45330348245602,12.546696517543973
x-ai/grok-3-mini-beta,460,87.93724107733262,12.062758922667385
x-ai/grok-3-mini-beta,470,86.09719862575051,13.902801374249487
x-ai/grok-3-mini-beta,480,87.5479719521002,12.45202804789981
x-ai/grok-3-mini-beta,490,87.3636023243354,12.63639767566459
x-ai/grok-3-mini-beta,500,87.29939834721515,12.700601652784853
